setting,value
Geometry,"4.7 m x 7.0 m footprint; ground-storey, first-storey, and roof/attic thermal zones"
Side boundaries,"One ground-storey side surface adiabatic; remaining side surfaces exposed to outdoor air without solar or wind exposure"
Windows,"32% window-to-wall ratio on north and south facades; generator SHGC 0.70, while reduced-dataset metadata records 0.50"
Space heating,"Hydronic baseboards in all three zones connected to a natural-gas hot-water boiler"
Thermostats,"17.5 degrees C heating setpoint throughout the year in all zones; 100 degrees C cooling setpoint, effectively disabling cooling"
Numerical controls,"Six timesteps per hour (10-minute timestep); ConductionTransferFunction heat-balance algorithm"
Run period,"Full calendar year using the selected weather file"
Occupancy,"Prescribed schedule with a density of 0.0565 person/m2 applied to all three zones"
Other internal gains,"Residential lighting at 5 W/m2 and equipment at 3 W/m2, applied to the ground-storey zone only"
Ventilation,"Scheduled natural ZoneVentilation flow of 0.0137 m3/s per zone; no heat recovery represented by this object"
Infiltration,"Configuration-dependent Flow/Zone design flow of 0.0135--0.025 m3/s per zone"
Solar control,"Exterior blinds on four of eight windows, scheduled off October--March and on April--September"
Ground boundary,"Monthly Site:GroundTemperature:BuildingSurface values, held fixed across all three weather cases"
Thermal bridges,"Not modelled"
