horizon,profile,weight_energy,weight_cost,weight_carbon,weight_days_below_24,weighted_score,simulation_id,scenario,windows_U_Factor,groundfloor_thermal_resistance,ext_walls_thermal_resistance,roof_thermal_resistance,infiltration_design_flow_m3_s,annual_heating_energy_gj,heating_energy_reduction_percent,cost_rate_sum_proxy,carbon_rate_sum_proxy,days_below_23_c,days_below_24_c,days_below_25_c,days_below_26_c,days_at_or_below_17_5_c,legacy_static_band_days,days_at_or_above_24_c
2020,cost_priority,0.1,0.7,0.1,0.1,0.16666666666666669,1,SG_current_Insul_current_TR_current_BW_current,2.9,0.41,0.45,0.48,0.025,37.570556156041825,0.0,0.0,0.0,359,361,364,365,0,361,4
2020,carbon_priority,0.1,0.1,0.7,0.1,0.12359348559113197,3,SG_current_Insul_current_TR_current_BW_retrofit_2,2.9,0.41,4.4,0.48,0.021500000000000002,32.274639830051086,14.095922093873735,179.0,4.83,360,364,365,365,0,364,1
2020,energy_priority,0.7,0.1,0.1,0.1,0.21834808822194754,550,SG_retrofit_4_Insul_retrofit_1_TR_retrofit_4_BW_retrofit_4,0.81,4.8,6.7,8.7,0.014000000000000002,17.901343341603532,52.35273263655223,1042.7,149.18,358,363,365,365,0,363,2
2020,days_below_24_priority,0.1,0.1,0.1,0.7,0.0871519138106775,25,SG_current_Insul_current_TR_retrofit_4_BW_retrofit_4,2.9,0.41,6.7,8.7,0.019875000000000004,26.413683817050178,29.69578702176726,361.0,19.18,361,365,365,365,0,365,0
2020,balanced,0.25,0.25,0.25,0.25,0.2178797845266937,25,SG_current_Insul_current_TR_retrofit_4_BW_retrofit_4,2.9,0.41,6.7,8.7,0.019875000000000004,26.413683817050178,29.69578702176726,361.0,19.18,361,365,365,365,0,365,0
2050,cost_priority,0.1,0.7,0.1,0.1,0.11521739130434783,1,SG_current_Insul_current_TR_current_BW_current,2.9,0.41,0.45,0.48,0.025,29.960081137605304,0.0,0.0,0.0,324,339,346,358,0,339,26
2050,carbon_priority,0.1,0.1,0.7,0.1,0.11503481392608139,11,SG_current_Insul_current_TR_retrofit_2_BW_current,2.9,0.41,0.45,4.7,0.0245,25.78603884826043,13.932012634323941,105.0,4.76,324,340,346,358,0,340,25
2050,energy_priority,0.7,0.1,0.1,0.1,0.25995121141038313,395,SG_retrofit_3_Insul_current_TR_retrofit_3_BW_retrofit_4,0.8,0.41,6.7,8.5,0.015375,15.578663217928902,48.001932483504284,618.0,177.0,322,346,352,363,0,346,19
2050,days_below_24_priority,0.1,0.1,0.1,0.7,0.1275106340459549,15,SG_current_Insul_current_TR_retrofit_2_BW_retrofit_4,2.9,0.41,6.7,4.7,0.020125000000000004,20.541920990499367,31.43569639831331,327.0,13.26,322,343,349,360,0,343,22
2050,balanced,0.25,0.25,0.25,0.25,0.219684585523865,13,SG_current_Insul_current_TR_retrofit_2_BW_retrofit_2,2.9,0.41,4.4,4.7,0.021000000000000005,21.07400284832853,29.659727049681265,284.0,9.59,322,342,349,360,0,342,23
2100,cost_priority,0.1,0.7,0.1,0.1,0.11212121212121212,1,SG_current_Insul_current_TR_current_BW_current,2.9,0.41,0.45,0.48,0.025,22.166712550710866,0.0,0.0,0.0,297,321,343,356,0,321,44
2100,carbon_priority,0.1,0.1,0.7,0.1,0.11212121212121212,1,SG_current_Insul_current_TR_current_BW_current,2.9,0.41,0.45,0.48,0.025,22.166712550710866,0.0,0.0,0.0,297,321,343,356,0,321,44
2100,energy_priority,0.7,0.1,0.1,0.1,0.2688474419922277,250,SG_retrofit_1_Insul_retrofit_4_TR_retrofit_4_BW_retrofit_4,1.2,5.6,6.7,8.7,0.016875,10.520387907427587,52.539701665909824,653.0,96.18,246,273,300,321,0,273,92
2100,days_below_24_priority,0.1,0.1,0.1,0.7,0.11747912282751392,15,SG_current_Insul_current_TR_retrofit_2_BW_retrofit_4,2.9,0.41,6.7,4.7,0.020125000000000004,15.511505955321466,30.023426253055163,327.0,13.26,301,326,345,358,0,326,39
2100,balanced,0.25,0.25,0.25,0.25,0.22506271751836082,13,SG_current_Insul_current_TR_retrofit_2_BW_retrofit_2,2.9,0.41,4.4,4.7,0.021000000000000005,16.044134775595097,27.620594443624086,284.0,9.59,301,325,345,358,0,325,40
