component,state_id,source_option_label,reported_property,generator_value,archive_metadata_value,cost_rate_eur_per_m2,gwp_a1_a3_kgco2e_per_m2,infiltration_factor,density_kg_per_m3,specific_heat_j_per_kgk,generator_shgc,archive_metadata_shgc,scope_note
window,0,Wooden double glazing,U-factor,2.9,2.9,0.0,0.0,1.0,,,0.7,0.5,All modeled windows
window,1,"HR++ double, plastic frame",U-factor,1.2,1.2,184.0,70.0,0.8,,,0.7,0.5,All modeled windows
window,2,"HR++ double, wooden frame",U-factor,1.21,1.21,485.0,50.0,0.7,,,0.7,0.5,All modeled windows
window,3,"Triple, plastic frame",U-factor,0.8,0.8,295.0,150.0,0.6,,,0.7,0.5,All modeled windows
window,4,"Triple, wooden frame",U-factor,0.81,0.81,622.0,120.0,0.5,,,0.7,0.5,All modeled windows
ground_floor,0,Uninsulated timber,R-value,0.41,0.41,0.0,0.0,1.0,370.0,1699.0,,,Ground-floor material object
ground_floor,1,PIR,R-value,4.0,4.8,59.7,10.0,0.9,370.0,1699.0,,,Ground-floor material object
ground_floor,2,Hemp fibre,R-value,5.0,5.0,77.0,5.92,0.8,370.0,1699.0,,,Ground-floor material object
ground_floor,3,Resol,R-value,5.5,5.5,87.9,11.0,0.7,370.0,1699.0,,,Ground-floor material object
ground_floor,4,Hemp fibre,R-value,5.67,5.6,108.0,7.0,0.7,370.0,1699.0,,,Ground-floor material object
windowed_facade,0,Solid clay brick,R-value,0.45,0.45,0.0,0.0,1.0,1500.0,840.0,,,North/south windowed walls only
windowed_facade,1,EPS,R-value,4.2,4.2,182.0,9.36,0.8,1500.0,840.0,,,North/south windowed walls only
windowed_facade,2,Hemp fibre,R-value,4.4,4.4,179.0,4.83,0.6,1500.0,840.0,,,North/south windowed walls only
windowed_facade,3,EPS,R-value,6.5,6.5,200.0,17.16,0.5,1500.0,840.0,,,North/south windowed walls only
windowed_facade,4,Hemp fibre,R-value,6.75,6.7,222.0,8.5,0.5,1500.0,840.0,,,North/south windowed walls only
roof,0,Uninsulated tile,R-value,0.49,0.48,0.0,0.0,1.0,437.0,1511.0,,,Roof material object
roof,1,Mineral wool,R-value,4.5,4.5,89.5,23.29,0.9,437.0,1511.0,,,Roof material object
roof,2,Hemp fibre,R-value,4.75,4.7,105.0,4.76,0.8,437.0,1511.0,,,Roof material object
roof,3,PIR,R-value,8.5,8.5,101.0,18.5,0.7,437.0,1511.0,,,Roof material object
roof,4,Hemp fibre,R-value,8.75,8.7,139.0,10.68,0.7,437.0,1511.0,,,Roof material object
