horizon,series,simulation_id,upper_threshold_c,days_below_threshold
2020,Do-nothing baseline,1,23.0,359
2020,Do-nothing baseline,1,24.0,361
2020,Do-nothing baseline,1,25.0,364
2020,Do-nothing baseline,1,26.0,365
2020,Minimum heating-energy configuration,625,23.0,356
2020,Minimum heating-energy configuration,625,24.0,362
2020,Minimum heating-energy configuration,625,25.0,365
2020,Minimum heating-energy configuration,625,26.0,365
2020,Threshold-specific equal-weight selection,15,23.0,361
2020,Threshold-specific equal-weight selection,25,24.0,365
2020,Threshold-specific equal-weight selection,63,25.0,365
2020,Threshold-specific equal-weight selection,63,26.0,365
2050,Do-nothing baseline,1,23.0,324
2050,Do-nothing baseline,1,24.0,339
2050,Do-nothing baseline,1,25.0,346
2050,Do-nothing baseline,1,26.0,358
2050,Minimum heating-energy configuration,625,23.0,283
2050,Minimum heating-energy configuration,625,24.0,300
2050,Minimum heating-energy configuration,625,25.0,318
2050,Minimum heating-energy configuration,625,26.0,340
2050,Threshold-specific equal-weight selection,13,23.0,322
2050,Threshold-specific equal-weight selection,13,24.0,342
2050,Threshold-specific equal-weight selection,13,25.0,349
2050,Threshold-specific equal-weight selection,13,26.0,360
2100,Do-nothing baseline,1,23.0,297
2100,Do-nothing baseline,1,24.0,321
2100,Do-nothing baseline,1,25.0,343
2100,Do-nothing baseline,1,26.0,356
2100,Minimum heating-energy configuration,599,23.0,241
2100,Minimum heating-energy configuration,599,24.0,264
2100,Minimum heating-energy configuration,599,25.0,296
2100,Minimum heating-energy configuration,599,26.0,321
2100,Threshold-specific equal-weight selection,13,23.0,301
2100,Threshold-specific equal-weight selection,13,24.0,325
2100,Threshold-specific equal-weight selection,13,25.0,345
2100,Threshold-specific equal-weight selection,13,26.0,358
