horizon,simulation_id,selectability,t_star,acceptability_pct
2020,1,uniquely_selectable,7.889e-02,9.98
2020,3,uniquely_selectable,2.507e-02,11.46
2020,4,not_uniquely_selectable,-7.505e-03,0.00
2020,5,not_uniquely_selectable,-1.167e-02,0.00
2020,6,not_uniquely_selectable,-9.673e-04,0.00
2020,8,not_uniquely_selectable,-4.557e-03,0.00
2020,10,not_uniquely_selectable,-1.757e-02,0.00
2020,11,uniquely_selectable,1.060e-02,0.36
2020,13,uniquely_selectable,1.478e-02,7.93
2020,14,not_uniquely_selectable,-9.070e-03,0.00
2020,15,not_uniquely_selectable,-9.191e-04,0.00
2020,16,uniquely_selectable,5.816e-03,0.29
2020,18,uniquely_selectable,3.872e-03,0.07
2020,19,uniquely_selectable,1.332e-02,14.93
2020,20,uniquely_selectable,3.294e-03,6.21
2020,21,not_uniquely_selectable,-1.132e-02,0.00
2020,23,not_uniquely_selectable,-7.474e-03,0.00
2020,24,not_uniquely_selectable,-7.117e-09,0.00
2020,25,uniquely_selectable,2.452e-02,25.13
2020,26,not_uniquely_selectable,-2.176e-02,0.00
2020,28,not_uniquely_selectable,-2.894e-02,0.00
2020,29,not_uniquely_selectable,-3.492e-02,0.00
2020,30,not_uniquely_selectable,-4.256e-02,0.00
2020,31,not_uniquely_selectable,-5.183e-03,0.00
2020,33,not_uniquely_selectable,-7.769e-03,0.00
2020,34,not_uniquely_selectable,-3.880e-03,0.00
2020,36,not_uniquely_selectable,-4.767e-03,0.00
2020,38,uniquely_selectable,1.900e-04,0.00
2020,39,not_uniquely_selectable,-3.746e-03,0.00
2020,40,uniquely_selectable,1.044e-04,0.01
2020,41,uniquely_selectable,1.966e-03,0.00
2020,43,uniquely_selectable,3.745e-03,0.11
2020,44,uniquely_selectable,3.167e-03,0.15
2020,45,not_uniquely_selectable,-2.288e-03,0.00
2020,46,not_uniquely_selectable,-1.684e-02,0.00
2020,48,not_uniquely_selectable,-5.576e-03,0.00
2020,49,not_uniquely_selectable,-6.102e-03,0.00
2020,50,not_uniquely_selectable,-2.574e-03,0.00
2020,51,not_uniquely_selectable,-1.951e-02,0.00
2020,53,not_uniquely_selectable,-1.725e-02,0.00
2020,54,not_uniquely_selectable,-3.811e-02,0.00
2020,61,not_uniquely_selectable,-6.760e-03,0.00
2020,63,uniquely_selectable,6.276e-03,1.01
2020,64,not_uniquely_selectable,-6.393e-03,0.00
2020,65,uniquely_selectable,1.254e-03,0.19
2020,66,not_uniquely_selectable,-5.108e-03,0.00
2020,68,uniquely_selectable,2.689e-03,0.22
2020,69,uniquely_selectable,3.862e-03,0.32
2020,70,uniquely_selectable,1.212e-03,0.08
2020,71,not_uniquely_selectable,-1.976e-02,0.00
2020,73,not_uniquely_selectable,-1.242e-03,0.00
2020,75,uniquely_selectable,1.662e-03,0.66
2020,76,not_uniquely_selectable,-3.071e-02,0.00
2020,78,not_uniquely_selectable,-3.809e-02,0.00
2020,86,not_uniquely_selectable,-1.519e-02,0.00
2020,88,not_uniquely_selectable,-7.124e-03,0.00
2020,89,not_uniquely_selectable,-1.399e-03,0.00
2020,90,uniquely_selectable,1.524e-03,0.31
2020,91,not_uniquely_selectable,-1.236e-02,0.00
2020,93,not_uniquely_selectable,-1.571e-03,0.00
2020,94,not_uniquely_selectable,-3.931e-03,0.00
2020,95,not_uniquely_selectable,-1.196e-03,0.00
2020,96,not_uniquely_selectable,-2.427e-02,0.00
2020,98,not_uniquely_selectable,-3.947e-03,0.00
2020,99,not_uniquely_selectable,-4.837e-03,0.00
2020,100,not_uniquely_selectable,-2.466e-03,0.00
2020,111,not_uniquely_selectable,-2.199e-02,0.00
2020,113,uniquely_selectable,3.706e-04,0.04
2020,115,uniquely_selectable,2.095e-03,0.37
2020,116,not_uniquely_selectable,-2.022e-02,0.00
2020,118,not_uniquely_selectable,-5.110e-03,0.00
2020,119,not_uniquely_selectable,-5.968e-03,0.00
2020,120,not_uniquely_selectable,-4.381e-03,0.00
2020,121,not_uniquely_selectable,-3.230e-02,0.00
2020,123,not_uniquely_selectable,-6.381e-03,0.00
2020,124,not_uniquely_selectable,-6.135e-03,0.00
2020,125,uniquely_selectable,9.970e-04,0.10
2020,133,not_uniquely_selectable,-1.422e-07,0.00
2020,134,not_uniquely_selectable,-9.181e-08,0.00
2020,138,not_uniquely_selectable,-4.891e-08,0.00
2020,139,not_uniquely_selectable,-4.879e-09,0.00
2020,140,uniquely_selectable,3.857e-03,0.69
2020,143,not_uniquely_selectable,-4.809e-09,0.00
2020,144,uniquely_selectable,4.273e-03,1.49
2020,145,uniquely_selectable,3.639e-03,1.58
2020,148,not_uniquely_selectable,-4.172e-08,0.00
2020,150,not_uniquely_selectable,-4.996e-10,0.00
2020,158,not_uniquely_selectable,-1.276e-02,0.00
2020,163,not_uniquely_selectable,-1.337e-02,0.00
2020,164,not_uniquely_selectable,-7.612e-03,0.00
2020,165,not_uniquely_selectable,-6.513e-03,0.00
2020,168,not_uniquely_selectable,-2.662e-03,0.00
2020,169,uniquely_selectable,2.905e-03,0.03
2020,170,not_uniquely_selectable,-5.159e-03,0.00
2020,173,not_uniquely_selectable,-1.044e-02,0.00
2020,174,not_uniquely_selectable,-6.793e-03,0.00
2020,175,not_uniquely_selectable,-5.564e-03,0.00
2020,188,not_uniquely_selectable,-7.928e-03,0.00
2020,189,not_uniquely_selectable,-2.337e-03,0.00
2020,190,uniquely_selectable,3.046e-03,0.28
2020,193,not_uniquely_selectable,-4.042e-03,0.00
2020,194,uniquely_selectable,1.223e-03,0.12
2020,195,not_uniquely_selectable,-4.362e-04,0.00
2020,198,not_uniquely_selectable,-6.578e-03,0.00
2020,199,not_uniquely_selectable,-4.217e-03,0.00
2020,200,uniquely_selectable,1.936e-03,0.11
2020,213,not_uniquely_selectable,-8.283e-03,0.00
2020,214,not_uniquely_selectable,-4.499e-03,0.00
2020,215,not_uniquely_selectable,-3.734e-03,0.00
2020,218,not_uniquely_selectable,-3.408e-03,0.00
2020,219,uniquely_selectable,3.164e-04,0.00
2020,220,uniquely_selectable,2.615e-04,0.00
2020,224,not_uniquely_selectable,-2.154e-03,0.00
2020,225,not_uniquely_selectable,-1.287e-03,0.00
2020,238,not_uniquely_selectable,-9.585e-03,0.00
2020,239,not_uniquely_selectable,-6.270e-03,0.00
2020,240,not_uniquely_selectable,-3.430e-03,0.00
2020,244,not_uniquely_selectable,-1.479e-03,0.00
2020,245,not_uniquely_selectable,-1.367e-03,0.00
2020,249,not_uniquely_selectable,-2.424e-03,0.00
2020,250,not_uniquely_selectable,-1.676e-03,0.00
2020,258,not_uniquely_selectable,-2.673e-07,0.00
2020,263,not_uniquely_selectable,-1.093e-07,0.00
2020,264,not_uniquely_selectable,-3.991e-08,0.00
2020,265,uniquely_selectable,4.561e-03,1.79
2020,268,not_uniquely_selectable,-2.017e-08,0.00
2020,269,not_uniquely_selectable,-5.949e-08,0.00
2020,270,uniquely_selectable,4.182e-03,0.87
2020,273,not_uniquely_selectable,-6.132e-08,0.00
2020,275,uniquely_selectable,2.639e-03,0.68
2020,288,not_uniquely_selectable,-2.475e-02,0.00
2020,290,not_uniquely_selectable,-1.737e-02,0.00
2020,293,not_uniquely_selectable,-2.876e-02,0.00
2020,294,not_uniquely_selectable,-2.180e-02,0.00
2020,295,not_uniquely_selectable,-7.967e-03,0.00
2020,299,not_uniquely_selectable,-1.117e-02,0.00
2020,300,uniquely_selectable,1.323e-02,1.08
2020,313,not_uniquely_selectable,-1.159e-02,0.00
2020,314,not_uniquely_selectable,-1.408e-02,0.00
2020,315,not_uniquely_selectable,-4.285e-03,0.00
2020,318,not_uniquely_selectable,-2.043e-02,0.00
2020,319,not_uniquely_selectable,-4.843e-03,0.00
2020,320,not_uniquely_selectable,-2.466e-03,0.00
2020,323,not_uniquely_selectable,-1.514e-02,0.00
2020,325,uniquely_selectable,2.379e-03,0.48
2020,338,not_uniquely_selectable,-1.498e-02,0.00
2020,339,not_uniquely_selectable,-1.780e-02,0.00
2020,340,not_uniquely_selectable,-8.862e-03,0.00
2020,343,not_uniquely_selectable,-2.327e-02,0.00
2020,345,not_uniquely_selectable,-1.748e-03,0.00
2020,350,not_uniquely_selectable,-1.091e-03,0.00
2020,363,not_uniquely_selectable,-1.050e-02,0.00
2020,364,not_uniquely_selectable,-1.552e-02,0.00
2020,365,not_uniquely_selectable,-3.103e-03,0.00
2020,370,not_uniquely_selectable,-9.506e-04,0.00
2020,375,uniquely_selectable,3.241e-03,0.69
2020,383,not_uniquely_selectable,-3.875e-07,0.00
2020,384,not_uniquely_selectable,-1.912e-07,0.00
2020,388,not_uniquely_selectable,-1.878e-07,0.00
2020,389,not_uniquely_selectable,-4.641e-08,0.00
2020,390,not_uniquely_selectable,-5.133e-08,0.00
2020,393,not_uniquely_selectable,-1.224e-07,0.00
2020,394,uniquely_selectable,7.991e-03,2.47
2020,395,uniquely_selectable,4.887e-04,0.07
2020,398,not_uniquely_selectable,-7.567e-08,0.00
2020,399,not_uniquely_selectable,-7.994e-09,0.00
2020,400,uniquely_selectable,8.757e-04,0.09
2020,408,not_uniquely_selectable,-2.163e-02,0.00
2020,409,not_uniquely_selectable,-1.834e-02,0.00
2020,413,not_uniquely_selectable,-2.638e-02,0.00
2020,414,not_uniquely_selectable,-1.399e-02,0.00
2020,415,not_uniquely_selectable,-1.063e-02,0.00
2020,418,not_uniquely_selectable,-1.272e-02,0.00
2020,419,uniquely_selectable,1.025e-02,2.13
2020,420,uniquely_selectable,1.894e-03,0.27
2020,423,not_uniquely_selectable,-1.913e-02,0.00
2020,425,not_uniquely_selectable,-4.630e-04,0.00
2020,438,not_uniquely_selectable,-2.681e-02,0.00
2020,439,not_uniquely_selectable,-1.588e-02,0.00
2020,440,not_uniquely_selectable,-1.487e-02,0.00
2020,443,not_uniquely_selectable,-1.771e-02,0.00
2020,444,not_uniquely_selectable,-1.467e-03,0.00
2020,445,not_uniquely_selectable,-1.394e-03,0.00
2020,448,not_uniquely_selectable,-2.525e-02,0.00
2020,449,not_uniquely_selectable,-3.723e-03,0.00
2020,450,not_uniquely_selectable,-1.250e-03,0.00
2020,463,not_uniquely_selectable,-2.538e-02,0.00
2020,464,not_uniquely_selectable,-1.652e-02,0.00
2020,465,not_uniquely_selectable,-1.406e-02,0.00
2020,468,not_uniquely_selectable,-1.846e-02,0.00
2020,469,uniquely_selectable,5.522e-03,0.96
2020,470,uniquely_selectable,5.475e-04,0.00
2020,475,not_uniquely_selectable,-5.844e-03,0.00
2020,488,not_uniquely_selectable,-2.732e-02,0.00
2020,489,not_uniquely_selectable,-1.733e-02,0.00
2020,490,not_uniquely_selectable,-1.284e-02,0.00
2020,494,uniquely_selectable,1.496e-04,0.00
2020,495,not_uniquely_selectable,-2.623e-04,0.00
2020,499,not_uniquely_selectable,-5.658e-04,0.00
2020,508,not_uniquely_selectable,-3.318e-07,0.00
2020,509,not_uniquely_selectable,-1.835e-07,0.00
2020,513,not_uniquely_selectable,-1.082e-07,0.00
2020,514,not_uniquely_selectable,-9.089e-08,0.00
2020,515,not_uniquely_selectable,-4.404e-08,0.00
2020,518,not_uniquely_selectable,-1.449e-07,0.00
2020,519,uniquely_selectable,1.284e-03,0.11
2020,520,uniquely_selectable,3.072e-04,0.06
2020,523,not_uniquely_selectable,-1.042e-07,0.00
2020,525,uniquely_selectable,6.730e-03,2.12
2020,533,not_uniquely_selectable,-4.075e-02,0.00
2020,534,not_uniquely_selectable,-2.777e-02,0.00
2020,538,not_uniquely_selectable,-2.706e-02,0.00
2020,539,not_uniquely_selectable,-1.546e-02,0.00
2020,540,not_uniquely_selectable,-1.391e-02,0.00
2020,543,not_uniquely_selectable,-2.227e-02,0.00
2020,544,not_uniquely_selectable,-4.955e-03,0.00
2020,545,not_uniquely_selectable,-7.113e-03,0.00
2020,548,not_uniquely_selectable,-1.905e-02,0.00
2020,550,uniquely_selectable,1.368e-02,0.95
2020,563,not_uniquely_selectable,-3.104e-02,0.00
2020,564,not_uniquely_selectable,-1.992e-02,0.00
2020,565,not_uniquely_selectable,-1.755e-02,0.00
2020,568,not_uniquely_selectable,-2.264e-02,0.00
2020,569,not_uniquely_selectable,-1.536e-02,0.00
2020,570,not_uniquely_selectable,-2.442e-03,0.00
2020,573,not_uniquely_selectable,-2.361e-02,0.00
2020,575,not_uniquely_selectable,-5.736e-04,0.00
2020,588,not_uniquely_selectable,-2.827e-02,0.00
2020,589,not_uniquely_selectable,-1.996e-02,0.00
2020,590,not_uniquely_selectable,-1.500e-02,0.00
2020,593,not_uniquely_selectable,-2.333e-02,0.00
2020,594,uniquely_selectable,2.547e-03,0.04
2020,598,not_uniquely_selectable,-2.232e-02,0.00
2020,599,not_uniquely_selectable,-2.070e-03,0.00
2020,600,not_uniquely_selectable,-9.991e-04,0.00
2020,613,not_uniquely_selectable,-2.966e-02,0.00
2020,614,not_uniquely_selectable,-2.052e-02,0.00
2020,615,not_uniquely_selectable,-1.594e-02,0.00
2020,620,not_uniquely_selectable,-1.696e-03,0.00
2020,623,not_uniquely_selectable,-2.002e-02,0.00
2020,624,not_uniquely_selectable,-9.470e-04,0.00
2020,625,uniquely_selectable,5.217e-03,0.91
2050,1,uniquely_selectable,7.868e-02,28.00
2050,3,uniquely_selectable,3.851e-03,0.27
2050,4,uniquely_selectable,2.320e-03,0.02
2050,5,uniquely_selectable,4.574e-03,0.37
2050,6,uniquely_selectable,1.099e-03,0.01
2050,8,not_uniquely_selectable,-3.271e-03,0.00
2050,9,not_uniquely_selectable,-1.692e-03,0.00
2050,11,uniquely_selectable,1.149e-02,3.77
2050,13,uniquely_selectable,1.202e-02,13.44
2050,14,not_uniquely_selectable,-1.535e-04,0.00
2050,15,uniquely_selectable,7.818e-03,16.52
2050,16,uniquely_selectable,7.061e-03,1.82
2050,18,uniquely_selectable,6.487e-03,7.35
2050,19,uniquely_selectable,3.141e-03,0.53
2050,20,uniquely_selectable,1.720e-03,0.15
2050,21,not_uniquely_selectable,-9.771e-03,0.00
2050,23,not_uniquely_selectable,-1.090e-04,0.00
2050,25,not_uniquely_selectable,-1.045e-03,0.00
2050,26,not_uniquely_selectable,-1.228e-02,0.00
2050,28,not_uniquely_selectable,-2.309e-02,0.00
2050,29,not_uniquely_selectable,-3.003e-02,0.00
2050,30,not_uniquely_selectable,-3.677e-02,0.00
2050,31,not_uniquely_selectable,-6.787e-03,0.00
2050,32,not_uniquely_selectable,-2.083e-02,0.00
2050,33,not_uniquely_selectable,-4.237e-03,0.00
2050,36,not_uniquely_selectable,-7.434e-03,0.00
2050,37,not_uniquely_selectable,-1.992e-02,0.00
2050,38,uniquely_selectable,1.836e-03,0.01
2050,40,not_uniquely_selectable,-3.454e-03,0.00
2050,41,not_uniquely_selectable,-2.741e-03,0.00
2050,42,not_uniquely_selectable,-1.594e-02,0.00
2050,43,uniquely_selectable,3.299e-03,0.05
2050,44,uniquely_selectable,8.940e-04,0.00
2050,45,not_uniquely_selectable,-5.345e-03,0.00
2050,47,not_uniquely_selectable,-3.169e-02,0.00
2050,50,not_uniquely_selectable,-7.420e-03,0.00
2050,51,not_uniquely_selectable,-1.510e-02,0.00
2050,53,not_uniquely_selectable,-1.579e-02,0.00
2050,54,not_uniquely_selectable,-3.630e-02,0.00
2050,61,not_uniquely_selectable,-6.218e-03,0.00
2050,63,uniquely_selectable,8.402e-03,1.31
2050,64,not_uniquely_selectable,-2.251e-03,0.00
2050,65,uniquely_selectable,4.918e-03,1.47
2050,66,not_uniquely_selectable,-1.163e-02,0.00
2050,68,uniquely_selectable,2.608e-03,0.18
2050,69,uniquely_selectable,3.987e-03,0.28
2050,70,not_uniquely_selectable,-1.039e-03,0.00
2050,71,not_uniquely_selectable,-2.339e-02,0.00
2050,73,not_uniquely_selectable,-3.980e-03,0.00
2050,74,not_uniquely_selectable,-3.642e-03,0.00
2050,75,not_uniquely_selectable,-1.305e-03,0.00
2050,76,not_uniquely_selectable,-2.316e-02,0.00
2050,78,not_uniquely_selectable,-3.116e-02,0.00
2050,86,not_uniquely_selectable,-1.522e-02,0.00
2050,88,not_uniquely_selectable,-3.032e-03,0.00
2050,89,not_uniquely_selectable,-5.175e-03,0.00
2050,90,not_uniquely_selectable,-3.750e-03,0.00
2050,91,not_uniquely_selectable,-1.389e-02,0.00
2050,93,not_uniquely_selectable,-5.426e-03,0.00
2050,94,not_uniquely_selectable,-3.203e-03,0.00
2050,95,not_uniquely_selectable,-3.402e-03,0.00
2050,96,not_uniquely_selectable,-3.024e-02,0.00
2050,100,not_uniquely_selectable,-7.974e-03,0.00
2050,113,not_uniquely_selectable,-3.339e-03,0.00
2050,115,not_uniquely_selectable,-4.704e-04,0.00
2050,116,not_uniquely_selectable,-2.438e-02,0.00
2050,119,not_uniquely_selectable,-6.418e-03,0.00
2050,120,not_uniquely_selectable,-3.195e-03,0.00
2050,121,not_uniquely_selectable,-3.667e-02,0.00
2050,124,not_uniquely_selectable,-6.343e-03,0.00
2050,125,not_uniquely_selectable,-5.627e-03,0.00
2050,133,not_uniquely_selectable,-1.404e-02,0.00
2050,134,uniquely_selectable,1.877e-03,0.03
2050,138,not_uniquely_selectable,-5.584e-03,0.00
2050,139,uniquely_selectable,1.287e-03,0.16
2050,140,uniquely_selectable,3.172e-03,1.28
2050,143,not_uniquely_selectable,-7.301e-04,0.00
2050,144,uniquely_selectable,6.862e-03,3.04
2050,145,not_uniquely_selectable,-2.153e-04,0.00
2050,148,not_uniquely_selectable,-5.777e-03,0.00
2050,149,not_uniquely_selectable,-8.390e-04,0.00
2050,150,uniquely_selectable,4.407e-03,1.23
2050,157,not_uniquely_selectable,-3.001e-02,0.00
2050,158,not_uniquely_selectable,-6.705e-03,0.00
2050,163,not_uniquely_selectable,-6.298e-03,0.00
2050,164,not_uniquely_selectable,-6.515e-03,0.00
2050,165,not_uniquely_selectable,-3.885e-04,0.00
2050,168,not_uniquely_selectable,-7.614e-04,0.00
2050,169,uniquely_selectable,2.641e-04,0.00
2050,170,not_uniquely_selectable,-3.697e-03,0.00
2050,173,not_uniquely_selectable,-7.500e-03,0.00
2050,174,not_uniquely_selectable,-7.220e-03,0.00
2050,175,not_uniquely_selectable,-1.895e-03,0.00
2050,188,not_uniquely_selectable,-1.599e-03,0.00
2050,189,not_uniquely_selectable,-1.550e-03,0.00
2050,190,uniquely_selectable,1.845e-04,0.00
2050,193,not_uniquely_selectable,-4.361e-03,0.00
2050,194,uniquely_selectable,2.812e-03,0.44
2050,195,uniquely_selectable,8.044e-04,0.09
2050,198,not_uniquely_selectable,-4.825e-03,0.00
2050,200,not_uniquely_selectable,-7.498e-04,0.00
2050,209,not_uniquely_selectable,-8.313e-03,0.00
2050,213,not_uniquely_selectable,-4.665e-03,0.00
2050,214,not_uniquely_selectable,-3.192e-03,0.00
2050,215,uniquely_selectable,3.942e-04,0.05
2050,218,not_uniquely_selectable,-5.098e-03,0.00
2050,219,uniquely_selectable,3.041e-05,0.00
2050,220,not_uniquely_selectable,-3.568e-03,0.00
2050,224,not_uniquely_selectable,-4.516e-03,0.00
2050,225,not_uniquely_selectable,-2.645e-03,0.00
2050,238,not_uniquely_selectable,-4.122e-03,0.00
2050,239,not_uniquely_selectable,-3.426e-03,0.00
2050,240,uniquely_selectable,2.028e-03,0.10
2050,244,uniquely_selectable,2.647e-03,0.12
2050,245,not_uniquely_selectable,-3.052e-03,0.00
2050,248,not_uniquely_selectable,-8.532e-03,0.00
2050,249,not_uniquely_selectable,-3.237e-03,0.00
2050,250,uniquely_selectable,2.931e-03,0.22
2050,258,not_uniquely_selectable,-2.303e-02,0.00
2050,259,not_uniquely_selectable,-6.314e-03,0.00
2050,263,not_uniquely_selectable,-1.152e-02,0.00
2050,264,not_uniquely_selectable,-1.588e-03,0.00
2050,265,uniquely_selectable,5.501e-03,4.13
2050,268,not_uniquely_selectable,-1.274e-02,0.00
2050,269,not_uniquely_selectable,-4.058e-03,0.00
2050,270,not_uniquely_selectable,-2.536e-03,0.00
2050,273,not_uniquely_selectable,-1.050e-02,0.00
2050,274,not_uniquely_selectable,-2.112e-03,0.00
2050,275,uniquely_selectable,4.188e-03,1.02
2050,283,not_uniquely_selectable,-4.008e-02,0.00
2050,285,not_uniquely_selectable,-2.511e-02,0.00
2050,288,not_uniquely_selectable,-1.331e-02,0.00
2050,289,not_uniquely_selectable,-1.295e-02,0.00
2050,290,not_uniquely_selectable,-8.251e-03,0.00
2050,293,not_uniquely_selectable,-2.212e-02,0.00
2050,294,not_uniquely_selectable,-9.037e-03,0.00
2050,295,not_uniquely_selectable,-9.676e-03,0.00
2050,298,not_uniquely_selectable,-1.596e-02,0.00
2050,300,not_uniquely_selectable,-4.191e-03,0.00
2050,313,not_uniquely_selectable,-5.307e-03,0.00
2050,314,not_uniquely_selectable,-5.743e-03,0.00
2050,315,uniquely_selectable,2.261e-03,0.09
2050,316,not_uniquely_selectable,-1.406e-01,0.00
2050,318,not_uniquely_selectable,-1.367e-02,0.00
2050,319,not_uniquely_selectable,-5.400e-03,0.00
2050,320,not_uniquely_selectable,-1.682e-03,0.00
2050,321,not_uniquely_selectable,-1.331e-01,0.00
2050,323,not_uniquely_selectable,-6.087e-03,0.00
2050,324,not_uniquely_selectable,-9.164e-04,0.00
2050,325,uniquely_selectable,1.244e-03,0.04
2050,333,not_uniquely_selectable,-3.218e-02,0.00
2050,336,not_uniquely_selectable,-1.380e-01,0.00
2050,338,not_uniquely_selectable,-1.271e-02,0.00
2050,339,not_uniquely_selectable,-8.651e-03,0.00
2050,340,not_uniquely_selectable,-6.768e-04,0.00
2050,341,not_uniquely_selectable,-1.390e-01,0.00
2050,343,not_uniquely_selectable,-1.348e-02,0.00
2050,344,not_uniquely_selectable,-4.839e-03,0.00
2050,345,not_uniquely_selectable,-3.318e-03,0.00
2050,349,not_uniquely_selectable,-4.665e-03,0.00
2050,350,not_uniquely_selectable,-3.247e-03,0.00
2050,363,not_uniquely_selectable,-4.373e-03,0.00
2050,364,not_uniquely_selectable,-6.426e-03,0.00
2050,365,uniquely_selectable,3.397e-03,0.38
2050,366,not_uniquely_selectable,-1.395e-01,0.00
2050,369,not_uniquely_selectable,-6.026e-03,0.00
2050,370,not_uniquely_selectable,-7.035e-04,0.00
2050,371,not_uniquely_selectable,-1.363e-01,0.00
2050,375,uniquely_selectable,4.592e-03,0.40
2050,383,not_uniquely_selectable,-1.338e-02,0.00
2050,384,uniquely_selectable,1.710e-03,0.02
2050,388,not_uniquely_selectable,-1.506e-02,0.00
2050,389,uniquely_selectable,9.164e-04,0.03
2050,390,uniquely_selectable,1.816e-03,0.26
2050,393,not_uniquely_selectable,-8.633e-03,0.00
2050,394,uniquely_selectable,9.251e-03,5.58
2050,395,uniquely_selectable,1.446e-03,0.60
2050,398,not_uniquely_selectable,-1.555e-02,0.00
2050,399,not_uniquely_selectable,-1.819e-08,0.00
2050,400,not_uniquely_selectable,-3.532e-09,0.00
2050,406,not_uniquely_selectable,-6.973e-02,0.00
2050,408,not_uniquely_selectable,-1.182e-02,0.00
2050,409,not_uniquely_selectable,-3.482e-03,0.00
2050,412,not_uniquely_selectable,-3.423e-02,0.00
2050,413,not_uniquely_selectable,-1.203e-02,0.00
2050,414,not_uniquely_selectable,-9.106e-03,0.00
2050,415,not_uniquely_selectable,-1.288e-02,0.00
2050,417,not_uniquely_selectable,-2.648e-02,0.00
2050,418,not_uniquely_selectable,-6.694e-03,0.00
2050,419,not_uniquely_selectable,-3.061e-05,0.00
2050,420,not_uniquely_selectable,-5.419e-03,0.00
2050,422,not_uniquely_selectable,-4.099e-02,0.00
2050,423,not_uniquely_selectable,-1.521e-02,0.00
2050,425,not_uniquely_selectable,-8.880e-03,0.00
2050,438,not_uniquely_selectable,-1.523e-02,0.00
2050,439,not_uniquely_selectable,-8.842e-03,0.00
2050,440,not_uniquely_selectable,-2.597e-03,0.00
2050,443,not_uniquely_selectable,-1.029e-02,0.00
2050,444,uniquely_selectable,4.738e-04,0.02
2050,445,not_uniquely_selectable,-1.475e-03,0.00
2050,448,not_uniquely_selectable,-1.895e-02,0.00
2050,449,not_uniquely_selectable,-3.903e-03,0.00
2050,450,not_uniquely_selectable,-6.784e-04,0.00
2050,463,not_uniquely_selectable,-1.590e-02,0.00
2050,464,not_uniquely_selectable,-7.470e-03,0.00
2050,468,not_uniquely_selectable,-9.746e-03,0.00
2050,469,uniquely_selectable,2.686e-03,0.50
2050,470,uniquely_selectable,2.677e-03,0.55
2050,475,not_uniquely_selectable,-6.041e-05,0.00
2050,488,not_uniquely_selectable,-1.711e-02,0.00
2050,490,not_uniquely_selectable,-2.989e-03,0.00
2050,494,not_uniquely_selectable,-5.917e-04,0.00
2050,495,not_uniquely_selectable,-1.420e-03,0.00
2050,500,not_uniquely_selectable,-1.796e-03,0.00
2050,508,not_uniquely_selectable,-2.174e-02,0.00
2050,509,not_uniquely_selectable,-1.374e-07,0.00
2050,513,not_uniquely_selectable,-1.175e-02,0.00
2050,514,not_uniquely_selectable,-1.685e-09,0.00
2050,515,uniquely_selectable,1.836e-03,0.69
2050,518,not_uniquely_selectable,-1.340e-02,0.00
2050,519,uniquely_selectable,2.764e-04,0.00
2050,520,not_uniquely_selectable,-3.510e-08,0.00
2050,523,not_uniquely_selectable,-1.635e-02,0.00
2050,524,not_uniquely_selectable,-3.693e-08,0.00
2050,525,uniquely_selectable,5.148e-03,2.44
2050,533,not_uniquely_selectable,-4.350e-02,0.00
2050,534,not_uniquely_selectable,-2.772e-02,0.00
2050,535,not_uniquely_selectable,-3.135e-02,0.00
2050,538,not_uniquely_selectable,-2.480e-02,0.00
2050,540,not_uniquely_selectable,-1.646e-02,0.00
2050,542,not_uniquely_selectable,-4.855e-02,0.00
2050,543,not_uniquely_selectable,-2.209e-02,0.00
2050,544,not_uniquely_selectable,-1.244e-02,0.00
2050,545,not_uniquely_selectable,-1.071e-02,0.00
2050,547,not_uniquely_selectable,-4.783e-02,0.00
2050,548,not_uniquely_selectable,-2.099e-02,0.00
2050,550,not_uniquely_selectable,-1.252e-02,0.00
2050,563,not_uniquely_selectable,-2.862e-02,0.00
2050,564,not_uniquely_selectable,-1.331e-02,0.00
2050,565,not_uniquely_selectable,-1.010e-02,0.00
2050,568,not_uniquely_selectable,-2.009e-02,0.00
2050,569,not_uniquely_selectable,-3.315e-03,0.00
2050,570,not_uniquely_selectable,-3.144e-03,0.00
2050,573,not_uniquely_selectable,-1.890e-02,0.00
2050,575,not_uniquely_selectable,-3.872e-03,0.00
2050,588,not_uniquely_selectable,-2.462e-02,0.00
2050,589,not_uniquely_selectable,-1.062e-02,0.00
2050,590,not_uniquely_selectable,-1.023e-02,0.00
2050,593,not_uniquely_selectable,-1.768e-02,0.00
2050,594,not_uniquely_selectable,-1.726e-03,0.00
2050,595,not_uniquely_selectable,-4.812e-04,0.00
2050,600,not_uniquely_selectable,-2.734e-03,0.00
2050,613,not_uniquely_selectable,-2.298e-02,0.00
2050,614,not_uniquely_selectable,-1.217e-02,0.00
2050,615,not_uniquely_selectable,-6.767e-03,0.00
2050,619,not_uniquely_selectable,-2.939e-03,0.00
2050,620,not_uniquely_selectable,-1.182e-03,0.00
2050,625,uniquely_selectable,7.487e-03,0.94
2100,1,uniquely_selectable,8.062e-02,32.09
2100,2,not_uniquely_selectable,-9.669e-03,0.00
2100,3,uniquely_selectable,1.490e-03,0.00
2100,4,not_uniquely_selectable,-2.275e-02,0.00
2100,5,not_uniquely_selectable,-1.209e-02,0.00
2100,6,not_uniquely_selectable,-3.966e-04,0.00
2100,8,not_uniquely_selectable,-2.713e-03,0.00
2100,9,uniquely_selectable,2.271e-03,0.25
2100,11,uniquely_selectable,1.214e-02,2.78
2100,13,uniquely_selectable,9.939e-03,11.32
2100,14,uniquely_selectable,2.634e-03,2.16
2100,15,uniquely_selectable,8.151e-03,17.78
2100,16,uniquely_selectable,4.356e-03,0.62
2100,18,uniquely_selectable,7.009e-03,2.52
2100,19,uniquely_selectable,4.440e-03,2.20
2100,20,uniquely_selectable,2.308e-03,0.48
2100,21,not_uniquely_selectable,-1.069e-02,0.00
2100,23,not_uniquely_selectable,-2.685e-03,0.00
2100,25,not_uniquely_selectable,-1.216e-03,0.00
2100,26,not_uniquely_selectable,-2.021e-03,0.00
2100,28,not_uniquely_selectable,-1.793e-02,0.00
2100,29,not_uniquely_selectable,-3.087e-02,0.00
2100,30,not_uniquely_selectable,-3.246e-02,0.00
2100,31,not_uniquely_selectable,-3.641e-04,0.00
2100,32,not_uniquely_selectable,-1.673e-02,0.00
2100,33,not_uniquely_selectable,-4.634e-03,0.00
2100,34,not_uniquely_selectable,-3.252e-03,0.00
2100,36,uniquely_selectable,3.459e-03,0.05
2100,37,not_uniquely_selectable,-1.673e-02,0.00
2100,38,not_uniquely_selectable,-1.566e-03,0.00
2100,40,not_uniquely_selectable,-5.528e-03,0.00
2100,41,uniquely_selectable,4.419e-03,0.11
2100,42,not_uniquely_selectable,-1.466e-02,0.00
2100,43,not_uniquely_selectable,-1.955e-03,0.00
2100,44,uniquely_selectable,2.343e-03,0.08
2100,45,uniquely_selectable,3.013e-04,0.00
2100,46,not_uniquely_selectable,-1.283e-02,0.00
2100,47,not_uniquely_selectable,-2.731e-02,0.00
2100,50,not_uniquely_selectable,-7.813e-03,0.00
2100,51,not_uniquely_selectable,-3.229e-03,0.00
2100,53,not_uniquely_selectable,-8.553e-03,0.00
2100,54,not_uniquely_selectable,-3.411e-02,0.00
2100,58,not_uniquely_selectable,-5.280e-03,0.00
2100,61,uniquely_selectable,2.725e-03,0.02
2100,63,uniquely_selectable,1.036e-02,3.86
2100,64,not_uniquely_selectable,-1.479e-03,0.00
2100,65,uniquely_selectable,3.009e-03,0.79
2100,66,not_uniquely_selectable,-3.095e-03,0.00
2100,68,uniquely_selectable,4.437e-03,0.70
2100,69,uniquely_selectable,1.625e-03,0.12
2100,70,not_uniquely_selectable,-3.001e-03,0.00
2100,71,not_uniquely_selectable,-1.557e-02,0.00
2100,73,not_uniquely_selectable,-6.007e-03,0.00
2100,74,not_uniquely_selectable,-2.517e-03,0.00
2100,75,uniquely_selectable,2.039e-03,0.27
2100,78,not_uniquely_selectable,-2.463e-02,0.00
2100,81,not_uniquely_selectable,-8.648e-03,0.00
2100,83,not_uniquely_selectable,-9.464e-03,0.00
2100,86,not_uniquely_selectable,-7.642e-03,0.00
2100,88,not_uniquely_selectable,-6.023e-03,0.00
2100,89,not_uniquely_selectable,-5.652e-03,0.00
2100,90,uniquely_selectable,4.514e-04,0.00
2100,91,not_uniquely_selectable,-5.882e-03,0.00
2100,93,not_uniquely_selectable,-5.834e-03,0.00
2100,94,not_uniquely_selectable,-1.544e-03,0.00
2100,95,not_uniquely_selectable,-1.116e-04,0.00
2100,96,not_uniquely_selectable,-2.374e-02,0.00
2100,100,not_uniquely_selectable,-5.991e-03,0.00
2100,111,not_uniquely_selectable,-9.325e-03,0.00
2100,113,not_uniquely_selectable,-2.582e-03,0.00
2100,114,not_uniquely_selectable,-8.042e-03,0.00
2100,115,uniquely_selectable,1.528e-03,0.07
2100,116,not_uniquely_selectable,-1.519e-02,0.00
2100,119,not_uniquely_selectable,-5.553e-03,0.00
2100,120,not_uniquely_selectable,-2.694e-03,0.00
2100,121,not_uniquely_selectable,-2.943e-02,0.00
2100,123,not_uniquely_selectable,-6.730e-03,0.00
2100,124,not_uniquely_selectable,-6.435e-03,0.00
2100,125,not_uniquely_selectable,-2.544e-04,0.00
2100,133,not_uniquely_selectable,-9.824e-03,0.00
2100,134,uniquely_selectable,5.299e-04,0.00
2100,138,not_uniquely_selectable,-9.287e-03,0.00
2100,139,not_uniquely_selectable,-1.059e-04,0.00
2100,140,not_uniquely_selectable,-4.286e-04,0.00
2100,143,uniquely_selectable,3.469e-04,0.00
2100,144,uniquely_selectable,3.911e-03,1.01
2100,145,uniquely_selectable,6.666e-03,3.64
2100,148,not_uniquely_selectable,-8.119e-03,0.00
2100,150,uniquely_selectable,4.486e-04,0.00
2100,158,not_uniquely_selectable,-8.516e-03,0.00
2100,159,not_uniquely_selectable,-5.089e-03,0.00
2100,163,not_uniquely_selectable,-7.052e-03,0.00
2100,164,not_uniquely_selectable,-7.562e-03,0.00
2100,165,not_uniquely_selectable,-2.798e-03,0.00
2100,168,not_uniquely_selectable,-1.060e-03,0.00
2100,169,uniquely_selectable,4.455e-03,0.31
2100,170,uniquely_selectable,5.733e-04,0.02
2100,173,not_uniquely_selectable,-1.350e-03,0.00
2100,174,not_uniquely_selectable,-2.586e-03,0.00
2100,175,not_uniquely_selectable,-1.395e-03,0.00
2100,188,not_uniquely_selectable,-1.041e-03,0.00
2100,189,not_uniquely_selectable,-1.455e-03,0.00
2100,190,uniquely_selectable,1.207e-03,0.00
2100,193,uniquely_selectable,1.799e-03,0.04
2100,194,not_uniquely_selectable,-8.830e-05,0.00
2100,195,uniquely_selectable,5.920e-04,0.01
2100,198,not_uniquely_selectable,-3.450e-03,0.00
2100,199,not_uniquely_selectable,-5.968e-04,0.00
2100,200,uniquely_selectable,2.241e-03,0.15
2100,213,not_uniquely_selectable,-7.721e-03,0.00
2100,214,not_uniquely_selectable,-3.223e-03,0.00
2100,215,not_uniquely_selectable,-2.624e-03,0.00
2100,218,not_uniquely_selectable,-1.260e-03,0.00
2100,219,uniquely_selectable,3.251e-03,0.29
2100,220,uniquely_selectable,1.881e-03,0.20
2100,224,not_uniquely_selectable,-5.076e-04,0.00
2100,225,uniquely_selectable,3.853e-04,0.12
2100,238,not_uniquely_selectable,-4.759e-03,0.00
2100,239,not_uniquely_selectable,-2.118e-03,0.00
2100,240,not_uniquely_selectable,-2.407e-03,0.00
2100,244,not_uniquely_selectable,-3.509e-03,0.00
2100,245,not_uniquely_selectable,-3.970e-03,0.00
2100,249,not_uniquely_selectable,-5.047e-03,0.00
2100,250,uniquely_selectable,1.988e-03,0.35
2100,258,not_uniquely_selectable,-3.085e-02,0.00
2100,263,not_uniquely_selectable,-4.432e-03,0.00
2100,264,not_uniquely_selectable,-9.401e-03,0.00
2100,265,uniquely_selectable,4.587e-03,0.82
2100,268,not_uniquely_selectable,-9.241e-03,0.00
2100,269,uniquely_selectable,3.080e-03,0.79
2100,270,uniquely_selectable,5.983e-03,2.20
2100,273,not_uniquely_selectable,-3.325e-03,0.00
2100,274,uniquely_selectable,7.365e-03,3.24
2100,275,uniquely_selectable,1.310e-03,0.01
2100,283,not_uniquely_selectable,-3.469e-02,0.00
2100,287,not_uniquely_selectable,-3.547e-02,0.00
2100,288,not_uniquely_selectable,-1.122e-02,0.00
2100,289,not_uniquely_selectable,-1.162e-02,0.00
2100,290,not_uniquely_selectable,-6.498e-03,0.00
2100,292,not_uniquely_selectable,-4.330e-02,0.00
2100,293,not_uniquely_selectable,-1.186e-02,0.00
2100,294,not_uniquely_selectable,-9.738e-03,0.00
2100,295,not_uniquely_selectable,-7.438e-03,0.00
2100,297,not_uniquely_selectable,-4.164e-02,0.00
2100,298,not_uniquely_selectable,-7.529e-03,0.00
2100,300,not_uniquely_selectable,-3.808e-03,0.00
2100,313,not_uniquely_selectable,-8.852e-03,0.00
2100,314,not_uniquely_selectable,-8.747e-03,0.00
2100,315,uniquely_selectable,1.077e-03,0.03
2100,318,not_uniquely_selectable,-9.529e-03,0.00
2100,319,not_uniquely_selectable,-6.407e-03,0.00
2100,320,uniquely_selectable,2.828e-03,0.14
2100,323,not_uniquely_selectable,-8.794e-03,0.00
2100,324,not_uniquely_selectable,-8.279e-03,0.00
2100,325,uniquely_selectable,3.620e-03,0.28
2100,338,not_uniquely_selectable,-1.285e-02,0.00
2100,339,not_uniquely_selectable,-1.336e-02,0.00
2100,340,not_uniquely_selectable,-7.046e-03,0.00
2100,343,not_uniquely_selectable,-1.581e-02,0.00
2100,344,not_uniquely_selectable,-8.286e-03,0.00
2100,349,not_uniquely_selectable,-5.119e-03,0.00
2100,350,not_uniquely_selectable,-1.726e-03,0.00
2100,363,not_uniquely_selectable,-5.879e-03,0.00
2100,364,not_uniquely_selectable,-1.027e-02,0.00
2100,365,uniquely_selectable,5.138e-03,0.51
2100,368,not_uniquely_selectable,-1.192e-02,0.00
2100,369,not_uniquely_selectable,-4.100e-03,0.00
2100,373,not_uniquely_selectable,-7.186e-03,0.00
2100,374,not_uniquely_selectable,-6.034e-03,0.00
2100,375,uniquely_selectable,5.348e-03,0.47
2100,383,not_uniquely_selectable,-1.542e-02,0.00
2100,384,not_uniquely_selectable,-2.063e-03,0.00
2100,388,not_uniquely_selectable,-1.589e-02,0.00
2100,389,not_uniquely_selectable,-1.960e-03,0.00
2100,390,not_uniquely_selectable,-3.345e-03,0.00
2100,393,not_uniquely_selectable,-1.228e-03,0.00
2100,394,uniquely_selectable,6.779e-03,2.10
2100,395,uniquely_selectable,8.891e-04,0.29
2100,398,not_uniquely_selectable,-4.941e-03,0.00
2100,400,uniquely_selectable,3.113e-03,0.66
2100,406,not_uniquely_selectable,-5.581e-02,0.00
2100,408,not_uniquely_selectable,-1.233e-02,0.00
2100,409,not_uniquely_selectable,-1.026e-02,0.00
2100,413,not_uniquely_selectable,-1.621e-02,0.00
2100,414,not_uniquely_selectable,-9.981e-03,0.00
2100,415,not_uniquely_selectable,-1.182e-02,0.00
2100,416,not_uniquely_selectable,-4.939e-02,0.00
2100,417,not_uniquely_selectable,-2.419e-02,0.00
2100,418,not_uniquely_selectable,-8.962e-03,0.00
2100,419,uniquely_selectable,6.063e-03,0.38
2100,420,not_uniquely_selectable,-9.526e-04,0.00
2100,422,not_uniquely_selectable,-3.857e-02,0.00
2100,423,not_uniquely_selectable,-1.103e-02,0.00
2100,424,not_uniquely_selectable,-2.055e-04,0.00
2100,425,uniquely_selectable,4.838e-05,0.00
2100,438,not_uniquely_selectable,-2.106e-02,0.00
2100,439,not_uniquely_selectable,-1.335e-02,0.00
2100,440,not_uniquely_selectable,-1.265e-02,0.00
2100,443,not_uniquely_selectable,-3.999e-03,0.00
2100,444,uniquely_selectable,1.015e-03,0.09
2100,445,uniquely_selectable,1.435e-03,0.06
2100,448,not_uniquely_selectable,-1.413e-02,0.00
2100,450,not_uniquely_selectable,-5.594e-03,0.00
2100,463,not_uniquely_selectable,-1.610e-02,0.00
2100,464,not_uniquely_selectable,-1.148e-02,0.00
2100,465,not_uniquely_selectable,-9.623e-03,0.00
2100,469,uniquely_selectable,3.150e-03,0.55
2100,470,uniquely_selectable,5.073e-04,0.01
2100,475,uniquely_selectable,4.160e-03,0.47
2100,488,not_uniquely_selectable,-2.189e-02,0.00
2100,489,not_uniquely_selectable,-1.090e-02,0.00
2100,490,not_uniquely_selectable,-1.106e-02,0.00
2100,493,not_uniquely_selectable,-1.337e-02,0.00
2100,494,not_uniquely_selectable,-1.115e-03,0.00
2100,495,not_uniquely_selectable,-4.020e-03,0.00
2100,498,not_uniquely_selectable,-1.524e-02,0.00
2100,499,not_uniquely_selectable,-4.269e-03,0.00
2100,500,not_uniquely_selectable,-4.706e-03,0.00
2100,508,not_uniquely_selectable,-2.619e-02,0.00
2100,509,not_uniquely_selectable,-7.253e-03,0.00
2100,513,not_uniquely_selectable,-2.161e-02,0.00
2100,514,not_uniquely_selectable,-5.274e-03,0.00
2100,515,not_uniquely_selectable,-4.878e-03,0.00
2100,517,not_uniquely_selectable,-1.958e-02,0.00
2100,518,not_uniquely_selectable,-1.209e-02,0.00
2100,519,uniquely_selectable,3.456e-03,0.30
2100,520,not_uniquely_selectable,-1.145e-03,0.00
2100,522,not_uniquely_selectable,-1.733e-02,0.00
2100,523,not_uniquely_selectable,-1.042e-02,0.00
2100,524,not_uniquely_selectable,-1.020e-03,0.00
2100,525,uniquely_selectable,8.189e-03,1.27
2100,533,not_uniquely_selectable,-2.828e-02,0.00
2100,538,not_uniquely_selectable,-1.933e-02,0.00
2100,539,not_uniquely_selectable,-7.537e-03,0.00
2100,540,not_uniquely_selectable,-8.931e-03,0.00
2100,542,not_uniquely_selectable,-3.946e-02,0.00
2100,543,not_uniquely_selectable,-1.024e-02,0.00
2100,544,not_uniquely_selectable,-2.481e-03,0.00
2100,545,not_uniquely_selectable,-3.167e-03,0.00
2100,547,not_uniquely_selectable,-4.094e-02,0.00
2100,548,not_uniquely_selectable,-7.293e-03,0.00
2100,549,not_uniquely_selectable,-4.417e-03,0.00
2100,550,not_uniquely_selectable,-1.995e-03,0.00
2100,563,not_uniquely_selectable,-2.671e-02,0.00
2100,564,not_uniquely_selectable,-1.207e-02,0.00
2100,565,not_uniquely_selectable,-1.127e-02,0.00
2100,568,not_uniquely_selectable,-1.667e-02,0.00
2100,569,not_uniquely_selectable,-3.446e-03,0.00
2100,570,not_uniquely_selectable,-1.205e-03,0.00
2100,573,not_uniquely_selectable,-1.327e-02,0.00
2100,574,uniquely_selectable,1.217e-04,0.00
2100,575,not_uniquely_selectable,-4.752e-05,0.00
2100,588,not_uniquely_selectable,-2.601e-02,0.00
2100,589,not_uniquely_selectable,-1.207e-02,0.00
2100,590,not_uniquely_selectable,-1.228e-02,0.00
2100,593,not_uniquely_selectable,-1.888e-02,0.00
2100,594,not_uniquely_selectable,-2.624e-04,0.00
2100,595,not_uniquely_selectable,-1.269e-03,0.00
2100,599,uniquely_selectable,2.451e-03,0.26
2100,600,not_uniquely_selectable,-2.204e-04,0.00
2100,613,not_uniquely_selectable,-2.206e-02,0.00
2100,614,not_uniquely_selectable,-1.525e-02,0.00
2100,615,not_uniquely_selectable,-9.780e-03,0.00
2100,619,uniquely_selectable,1.123e-04,0.00
2100,620,uniquely_selectable,8.412e-04,0.04
2100,623,not_uniquely_selectable,-1.557e-02,0.00
2100,625,uniquely_selectable,3.840e-03,0.62
