task_design,model,repeat_seed,horizon,agreement_pct
all-predicted,deep_balanced_mtl_nn,17,2020,8.99
all-predicted,deep_balanced_mtl_nn,17,2050,2.71
all-predicted,deep_balanced_mtl_nn,17,2100,1.62
all-predicted,deep_balanced_mtl_nn,29,2020,0.07
all-predicted,deep_balanced_mtl_nn,29,2050,9.67
all-predicted,deep_balanced_mtl_nn,29,2100,12.08
all-predicted,deep_balanced_mtl_nn,43,2020,8.18
all-predicted,deep_balanced_mtl_nn,43,2050,18.23
all-predicted,deep_balanced_mtl_nn,43,2100,3.49
all-predicted,deep_balanced_mtl_nn_mgda,17,2020,6.3
all-predicted,deep_balanced_mtl_nn_mgda,17,2050,6.62
all-predicted,deep_balanced_mtl_nn_mgda,17,2100,37.93
all-predicted,deep_balanced_mtl_nn_mgda,29,2020,0.24
all-predicted,deep_balanced_mtl_nn_mgda,29,2050,1.14
all-predicted,deep_balanced_mtl_nn_mgda,29,2100,7.94
all-predicted,deep_balanced_mtl_nn_mgda,43,2020,6.55
all-predicted,deep_balanced_mtl_nn_mgda,43,2050,15.22
all-predicted,deep_balanced_mtl_nn_mgda,43,2100,4.98
all-predicted,gradient_boosting,17,2020,21.06
all-predicted,gradient_boosting,17,2050,57.78
all-predicted,gradient_boosting,17,2100,51.61
all-predicted,gradient_boosting,29,2020,30.71
all-predicted,gradient_boosting,29,2050,60.57
all-predicted,gradient_boosting,29,2100,50.15
all-predicted,gradient_boosting,43,2020,29.88
all-predicted,gradient_boosting,43,2050,59.96
all-predicted,gradient_boosting,43,2100,63.13
all-predicted,independent_stl_nn,17,2020,24.75
all-predicted,independent_stl_nn,17,2050,23.61
all-predicted,independent_stl_nn,17,2100,25.49
all-predicted,independent_stl_nn,29,2020,4.49
all-predicted,independent_stl_nn,29,2050,6.77
all-predicted,independent_stl_nn,29,2100,9.34
all-predicted,independent_stl_nn,43,2020,17.44
all-predicted,independent_stl_nn,43,2050,21.8
all-predicted,independent_stl_nn,43,2100,26.4
all-predicted,random_forest,17,2020,14.54
all-predicted,random_forest,17,2050,9.85
all-predicted,random_forest,17,2100,8.87
all-predicted,random_forest,29,2020,33.87
all-predicted,random_forest,29,2050,11.54
all-predicted,random_forest,29,2100,18.87
all-predicted,random_forest,43,2020,9.97
all-predicted,random_forest,43,2050,6.4
all-predicted,random_forest,43,2100,11.53
all-predicted,separate_mtl_nn,17,2020,12.85
all-predicted,separate_mtl_nn,17,2050,7.44
all-predicted,separate_mtl_nn,17,2100,9.9
all-predicted,separate_mtl_nn,29,2020,12.28
all-predicted,separate_mtl_nn,29,2050,9.85
all-predicted,separate_mtl_nn,29,2100,3.04
all-predicted,separate_mtl_nn,43,2020,6.94
all-predicted,separate_mtl_nn,43,2050,3.03
all-predicted,separate_mtl_nn,43,2100,6.2
all-predicted,separate_mtl_nn_mgda,17,2020,6.98
all-predicted,separate_mtl_nn_mgda,17,2050,14.66
all-predicted,separate_mtl_nn_mgda,17,2100,4.66
all-predicted,separate_mtl_nn_mgda,29,2020,6.85
all-predicted,separate_mtl_nn_mgda,29,2050,13.77
all-predicted,separate_mtl_nn_mgda,29,2100,22.39
all-predicted,separate_mtl_nn_mgda,43,2020,4.58
all-predicted,separate_mtl_nn_mgda,43,2050,0.81
all-predicted,separate_mtl_nn_mgda,43,2100,2.54
all-predicted,shared_mtl_nn,17,2020,6.46
all-predicted,shared_mtl_nn,17,2050,23.54
all-predicted,shared_mtl_nn,17,2100,16.93
all-predicted,shared_mtl_nn,29,2020,1.55
all-predicted,shared_mtl_nn,29,2050,2.32
all-predicted,shared_mtl_nn,29,2100,12.25
all-predicted,shared_mtl_nn,43,2020,17.02
all-predicted,shared_mtl_nn,43,2050,3.82
all-predicted,shared_mtl_nn,43,2100,3.55
all-predicted,shared_mtl_nn_mgda,17,2020,4.55
all-predicted,shared_mtl_nn_mgda,17,2050,11.88
all-predicted,shared_mtl_nn_mgda,17,2100,18.98
all-predicted,shared_mtl_nn_mgda,29,2020,15.32
all-predicted,shared_mtl_nn_mgda,29,2050,9.03
all-predicted,shared_mtl_nn_mgda,29,2100,4.74
all-predicted,shared_mtl_nn_mgda,43,2020,14.4
all-predicted,shared_mtl_nn_mgda,43,2050,7.84
all-predicted,shared_mtl_nn_mgda,43,2100,3.7
exact-index,deep_balanced_mtl_nn,17,2020,12.65
exact-index,deep_balanced_mtl_nn,17,2050,33.74
exact-index,deep_balanced_mtl_nn,17,2100,33.39
exact-index,deep_balanced_mtl_nn,29,2020,12.4
exact-index,deep_balanced_mtl_nn,29,2050,39.81
exact-index,deep_balanced_mtl_nn,29,2100,37.86
exact-index,deep_balanced_mtl_nn,43,2020,11.34
exact-index,deep_balanced_mtl_nn,43,2050,30.14
exact-index,deep_balanced_mtl_nn,43,2100,25.33
exact-index,deep_balanced_mtl_nn_mgda,17,2020,10.2
exact-index,deep_balanced_mtl_nn_mgda,17,2050,28.73
exact-index,deep_balanced_mtl_nn_mgda,17,2100,43.6
exact-index,deep_balanced_mtl_nn_mgda,29,2020,10.4
exact-index,deep_balanced_mtl_nn_mgda,29,2050,36.42
exact-index,deep_balanced_mtl_nn_mgda,29,2100,31.86
exact-index,deep_balanced_mtl_nn_mgda,43,2020,10.34
exact-index,deep_balanced_mtl_nn_mgda,43,2050,34.43
exact-index,deep_balanced_mtl_nn_mgda,43,2100,18.39
exact-index,gradient_boosting,17,2020,28.56
exact-index,gradient_boosting,17,2050,63.02
exact-index,gradient_boosting,17,2100,63.4
exact-index,gradient_boosting,29,2020,31.38
exact-index,gradient_boosting,29,2050,68.58
exact-index,gradient_boosting,29,2100,59.94
exact-index,gradient_boosting,43,2020,34.76
exact-index,gradient_boosting,43,2050,64.44
exact-index,gradient_boosting,43,2100,61.57
exact-index,independent_stl_nn,17,2020,52.47
exact-index,independent_stl_nn,17,2050,65.22
exact-index,independent_stl_nn,17,2100,56.97
exact-index,independent_stl_nn,29,2020,28.77
exact-index,independent_stl_nn,29,2050,61.04
exact-index,independent_stl_nn,29,2100,56.51
exact-index,independent_stl_nn,43,2020,36.87
exact-index,independent_stl_nn,43,2050,53.19
exact-index,independent_stl_nn,43,2100,45.32
exact-index,random_forest,17,2020,25.65
exact-index,random_forest,17,2050,52.04
exact-index,random_forest,17,2100,54.2
exact-index,random_forest,29,2020,51.27
exact-index,random_forest,29,2050,54.44
exact-index,random_forest,29,2100,56.67
exact-index,random_forest,43,2020,26.62
exact-index,random_forest,43,2050,49.24
exact-index,random_forest,43,2100,48.73
exact-index,separate_mtl_nn,17,2020,19.23
exact-index,separate_mtl_nn,17,2050,60.45
exact-index,separate_mtl_nn,17,2100,60.58
exact-index,separate_mtl_nn,29,2020,19.44
exact-index,separate_mtl_nn,29,2050,48.09
exact-index,separate_mtl_nn,29,2100,53.52
exact-index,separate_mtl_nn,43,2020,23.68
exact-index,separate_mtl_nn,43,2050,40.23
exact-index,separate_mtl_nn,43,2100,45.88
exact-index,separate_mtl_nn_mgda,17,2020,22.28
exact-index,separate_mtl_nn_mgda,17,2050,49.54
exact-index,separate_mtl_nn_mgda,17,2100,53.07
exact-index,separate_mtl_nn_mgda,29,2020,29.12
exact-index,separate_mtl_nn_mgda,29,2050,46.57
exact-index,separate_mtl_nn_mgda,29,2100,38.66
exact-index,separate_mtl_nn_mgda,43,2020,27.36
exact-index,separate_mtl_nn_mgda,43,2050,52.16
exact-index,separate_mtl_nn_mgda,43,2100,56.89
exact-index,shared_mtl_nn,17,2020,25.13
exact-index,shared_mtl_nn,17,2050,61.45
exact-index,shared_mtl_nn,17,2100,62.51
exact-index,shared_mtl_nn,29,2020,34.09
exact-index,shared_mtl_nn,29,2050,50.04
exact-index,shared_mtl_nn,29,2100,60.98
exact-index,shared_mtl_nn,43,2020,42.42
exact-index,shared_mtl_nn,43,2050,52.24
exact-index,shared_mtl_nn,43,2100,57.56
exact-index,shared_mtl_nn_mgda,17,2020,35.82
exact-index,shared_mtl_nn_mgda,17,2050,56.54
exact-index,shared_mtl_nn_mgda,17,2100,46.05
exact-index,shared_mtl_nn_mgda,29,2020,49.37
exact-index,shared_mtl_nn_mgda,29,2050,47.75
exact-index,shared_mtl_nn_mgda,29,2100,47.43
exact-index,shared_mtl_nn_mgda,43,2020,35.02
exact-index,shared_mtl_nn_mgda,43,2050,60.27
exact-index,shared_mtl_nn_mgda,43,2100,39.0
substitution-only,deep_balanced_mtl_nn,17,2020,12.13
substitution-only,deep_balanced_mtl_nn,17,2050,32.6
substitution-only,deep_balanced_mtl_nn,17,2100,24.68
substitution-only,deep_balanced_mtl_nn,29,2020,13.04
substitution-only,deep_balanced_mtl_nn,29,2050,43.26
substitution-only,deep_balanced_mtl_nn,29,2100,45.64
substitution-only,deep_balanced_mtl_nn,43,2020,12.22
substitution-only,deep_balanced_mtl_nn,43,2050,34.1
substitution-only,deep_balanced_mtl_nn,43,2100,35.72
substitution-only,deep_balanced_mtl_nn_mgda,17,2020,11.94
substitution-only,deep_balanced_mtl_nn_mgda,17,2050,39.7
substitution-only,deep_balanced_mtl_nn_mgda,17,2100,45.94
substitution-only,deep_balanced_mtl_nn_mgda,29,2020,11.79
substitution-only,deep_balanced_mtl_nn_mgda,29,2050,26.8
substitution-only,deep_balanced_mtl_nn_mgda,29,2100,27.07
substitution-only,deep_balanced_mtl_nn_mgda,43,2020,10.38
substitution-only,deep_balanced_mtl_nn_mgda,43,2050,40.2
substitution-only,deep_balanced_mtl_nn_mgda,43,2100,23.59
substitution-only,gradient_boosting,17,2020,28.56
substitution-only,gradient_boosting,17,2050,63.02
substitution-only,gradient_boosting,17,2100,63.4
substitution-only,gradient_boosting,29,2020,31.38
substitution-only,gradient_boosting,29,2050,68.58
substitution-only,gradient_boosting,29,2100,59.94
substitution-only,gradient_boosting,43,2020,34.76
substitution-only,gradient_boosting,43,2050,64.44
substitution-only,gradient_boosting,43,2100,61.57
substitution-only,independent_stl_nn,17,2020,52.47
substitution-only,independent_stl_nn,17,2050,65.22
substitution-only,independent_stl_nn,17,2100,56.97
substitution-only,independent_stl_nn,29,2020,28.77
substitution-only,independent_stl_nn,29,2050,61.04
substitution-only,independent_stl_nn,29,2100,56.51
substitution-only,independent_stl_nn,43,2020,36.87
substitution-only,independent_stl_nn,43,2050,53.19
substitution-only,independent_stl_nn,43,2100,45.32
substitution-only,random_forest,17,2020,35.79
substitution-only,random_forest,17,2050,48.14
substitution-only,random_forest,17,2100,56.57
substitution-only,random_forest,29,2020,60.74
substitution-only,random_forest,29,2050,44.85
substitution-only,random_forest,29,2100,50.32
substitution-only,random_forest,43,2020,28.05
substitution-only,random_forest,43,2050,47.69
substitution-only,random_forest,43,2100,52.91
substitution-only,separate_mtl_nn,17,2020,22.62
substitution-only,separate_mtl_nn,17,2050,43.2
substitution-only,separate_mtl_nn,17,2100,37.68
substitution-only,separate_mtl_nn,29,2020,39.32
substitution-only,separate_mtl_nn,29,2050,47.04
substitution-only,separate_mtl_nn,29,2100,32.15
substitution-only,separate_mtl_nn,43,2020,34.39
substitution-only,separate_mtl_nn,43,2050,41.79
substitution-only,separate_mtl_nn,43,2100,47.78
substitution-only,separate_mtl_nn_mgda,17,2020,25.78
substitution-only,separate_mtl_nn_mgda,17,2050,44.96
substitution-only,separate_mtl_nn_mgda,17,2100,63.91
substitution-only,separate_mtl_nn_mgda,29,2020,20.85
substitution-only,separate_mtl_nn_mgda,29,2050,34.77
substitution-only,separate_mtl_nn_mgda,29,2100,43.25
substitution-only,separate_mtl_nn_mgda,43,2020,22.3
substitution-only,separate_mtl_nn_mgda,43,2050,27.93
substitution-only,separate_mtl_nn_mgda,43,2100,33.59
substitution-only,shared_mtl_nn,17,2020,21.3
substitution-only,shared_mtl_nn,17,2050,42.72
substitution-only,shared_mtl_nn,17,2100,50.87
substitution-only,shared_mtl_nn,29,2020,15.34
substitution-only,shared_mtl_nn,29,2050,27.2
substitution-only,shared_mtl_nn,29,2100,57.98
substitution-only,shared_mtl_nn,43,2020,42.58
substitution-only,shared_mtl_nn,43,2050,42.41
substitution-only,shared_mtl_nn,43,2100,38.94
substitution-only,shared_mtl_nn_mgda,17,2020,61.89
substitution-only,shared_mtl_nn_mgda,17,2050,49.39
substitution-only,shared_mtl_nn_mgda,17,2100,51.51
substitution-only,shared_mtl_nn_mgda,29,2020,26.39
substitution-only,shared_mtl_nn_mgda,29,2050,47.2
substitution-only,shared_mtl_nn_mgda,29,2100,59.09
substitution-only,shared_mtl_nn_mgda,43,2020,34.0
substitution-only,shared_mtl_nn_mgda,43,2050,48.96
substitution-only,shared_mtl_nn_mgda,43,2100,42.35
