horizon,simulation_id,acceptability_pct_1m,acceptability_pct_10k,wc_energy,wc_cost,wc_gwp,wc_d24
2020,1,10.335,9.98,0.0860,0.5539,0.2957,0.0644
2020,3,11.464,11.46,0.0700,0.3455,0.3888,0.1957
2020,11,0.287,0.36,0.2377,0.4424,0.3053,0.0145
2020,13,7.843,7.93,0.2371,0.2230,0.4676,0.0724
2020,16,0.247,0.29,0.2906,0.6307,0.0557,0.0231
2020,18,0.106,0.07,0.3333,0.5455,0.0924,0.0287
2020,19,14.608,14.93,0.2021,0.3812,0.0719,0.3448
2020,20,6.477,6.21,0.2043,0.2581,0.1700,0.3676
2020,25,25.191,25.13,0.1975,0.1126,0.3306,0.3593
2020,38,0.000,0.00,0.3567,0.4532,0.1900,0.0001
2020,40,0.001,0.01,0.4558,0.2918,0.2246,0.0278
2020,41,0.001,0.00,0.3596,0.6221,0.0149,0.0034
2020,43,0.131,0.11,0.3918,0.5042,0.0916,0.0125
2020,44,0.124,0.15,0.4400,0.5104,0.0311,0.0185
2020,63,1.072,1.01,0.3718,0.1772,0.4311,0.0199
2020,65,0.213,0.19,0.4313,0.1115,0.4251,0.0321
2020,68,0.207,0.22,0.4359,0.3653,0.1762,0.0226
2020,69,0.369,0.32,0.4922,0.3634,0.1153,0.0292
2020,70,0.109,0.08,0.5178,0.2625,0.1833,0.0365
2020,75,0.667,0.66,0.5146,0.1247,0.3201,0.0407
2020,90,0.342,0.31,0.4858,0.2212,0.2587,0.0343
2020,113,0.015,0.04,0.3569,0.0093,0.6076,0.0263
2020,115,0.323,0.37,0.4342,0.0324,0.4977,0.0357
2020,125,0.069,0.10,0.5041,0.0232,0.4305,0.0422
2020,140,0.654,0.69,0.4070,0.1291,0.1334,0.3305
2020,144,1.348,1.49,0.3777,0.2612,0.0416,0.3196
2020,145,1.597,1.58,0.4181,0.1543,0.0900,0.3376
2020,169,0.037,0.03,0.5212,0.4009,0.0586,0.0193
2020,190,0.271,0.28,0.5774,0.2164,0.1640,0.0422
2020,194,0.111,0.12,0.5589,0.3056,0.1041,0.0314
2020,200,0.101,0.11,0.6323,0.1794,0.1518,0.0366
2020,219,0.009,0.00,0.6103,0.2595,0.1112,0.0191
2020,220,0.003,0.00,0.6223,0.2276,0.1239,0.0262
2020,265,1.671,1.79,0.3946,0.0378,0.2153,0.3523
2020,270,0.868,0.87,0.4358,0.0620,0.1232,0.3791
2020,275,0.684,0.68,0.4373,0.0194,0.1622,0.3811
2020,300,1.162,1.08,0.5907,0.0703,0.2245,0.1146
2020,325,0.453,0.48,0.6079,0.1044,0.2558,0.0319
2020,375,0.748,0.69,0.6429,0.0361,0.2811,0.0398
2020,394,2.647,2.47,0.4339,0.1555,0.0241,0.3865
2020,395,0.092,0.07,0.4456,0.0933,0.0615,0.3996
2020,400,0.075,0.09,0.4454,0.0825,0.0658,0.4063
2020,419,2.145,2.13,0.6224,0.2337,0.0401,0.1038
2020,420,0.332,0.27,0.6426,0.1405,0.1034,0.1135
2020,469,0.831,0.96,0.7317,0.1909,0.0508,0.0266
2020,470,0.013,0.00,0.6952,0.1482,0.1342,0.0224
2020,494,0.003,0.00,0.7312,0.1274,0.1156,0.0258
2020,519,0.162,0.11,0.5206,0.0399,0.0106,0.4289
2020,520,0.040,0.06,0.4971,0.0572,0.0328,0.4129
2020,525,1.774,2.12,0.4916,0.0312,0.0649,0.4123
2020,550,0.958,0.95,0.7206,0.0427,0.0823,0.1544
2020,594,0.051,0.04,0.8839,0.0558,0.0134,0.0469
2020,625,0.958,0.91,0.8068,0.0461,0.1017,0.0454
2050,1,28.032,28.00,0.0736,0.4250,0.3023,0.1991
2050,3,0.363,0.27,0.0411,0.0472,0.6011,0.3106
2050,4,0.023,0.02,0.0081,0.2316,0.0466,0.7137
2050,5,0.320,0.37,0.0172,0.1244,0.2850,0.5734
2050,6,0.018,0.01,0.1069,0.4041,0.0067,0.4823
2050,11,3.597,3.77,0.1833,0.3568,0.3021,0.1579
2050,13,13.693,13.44,0.2202,0.1884,0.4360,0.1553
2050,15,16.692,16.52,0.2417,0.1071,0.2922,0.3591
2050,16,1.785,1.82,0.2446,0.5485,0.0526,0.1543
2050,18,7.462,7.35,0.2319,0.3318,0.0855,0.3508
2050,19,0.499,0.53,0.4043,0.4229,0.0416,0.1312
2050,20,0.104,0.15,0.4611,0.2722,0.1343,0.1324
2050,38,0.012,0.01,0.3523,0.4942,0.1484,0.0050
2050,43,0.064,0.05,0.3894,0.5525,0.0493,0.0088
2050,44,0.007,0.00,0.4235,0.5585,0.0070,0.0110
2050,63,1.252,1.31,0.3736,0.2114,0.3991,0.0159
2050,65,1.462,1.47,0.4983,0.1246,0.3472,0.0298
2050,68,0.183,0.18,0.4448,0.4068,0.1293,0.0191
2050,69,0.315,0.28,0.4927,0.3955,0.0884,0.0233
2050,134,0.030,0.03,0.0364,0.1835,0.0094,0.7707
2050,139,0.107,0.16,0.0664,0.1307,0.0406,0.7623
2050,140,1.345,1.28,0.2522,0.1239,0.1057,0.5183
2050,144,2.883,3.04,0.3808,0.2650,0.0617,0.2925
2050,150,1.178,1.23,0.4812,0.1347,0.1312,0.2530
2050,169,0.000,0.00,0.4825,0.4833,0.0003,0.0340
2050,190,0.001,0.00,0.5794,0.2303,0.1849,0.0054
2050,194,0.481,0.44,0.5739,0.3246,0.0745,0.0270
2050,195,0.070,0.09,0.6029,0.2164,0.1495,0.0311
2050,215,0.020,0.05,0.5891,0.2128,0.1686,0.0295
2050,240,0.124,0.10,0.6086,0.1668,0.1934,0.0313
2050,244,0.187,0.12,0.6608,0.1880,0.1120,0.0392
2050,250,0.149,0.22,0.6688,0.1361,0.1540,0.0410
2050,265,4.089,4.13,0.3785,0.0447,0.2099,0.3669
2050,275,1.152,1.02,0.5470,0.0392,0.1677,0.2461
2050,315,0.140,0.09,0.5981,0.0893,0.2607,0.0520
2050,325,0.040,0.04,0.6645,0.0866,0.1767,0.0721
2050,365,0.418,0.38,0.6132,0.0501,0.3099,0.0268
2050,375,0.455,0.40,0.7022,0.0459,0.2119,0.0400
2050,384,0.040,0.02,0.0252,0.1269,0.0062,0.8417
2050,389,0.049,0.03,0.0368,0.0806,0.0216,0.8610
2050,390,0.264,0.26,0.1573,0.0600,0.0477,0.7349
2050,394,5.708,5.58,0.4565,0.1658,0.0293,0.3484
2050,395,0.530,0.60,0.4845,0.0924,0.0757,0.3473
2050,444,0.008,0.02,0.5709,0.4041,0.0100,0.0149
2050,469,0.336,0.50,0.6808,0.2664,0.0215,0.0313
2050,470,0.583,0.55,0.7646,0.1447,0.0501,0.0406
2050,515,0.512,0.69,0.3081,0.0380,0.0798,0.5741
2050,519,0.003,0.00,0.6840,0.0324,0.0016,0.2820
2050,525,2.241,2.44,0.5677,0.0281,0.0684,0.3358
2050,625,0.973,0.94,0.8191,0.0457,0.0858,0.0494
2100,1,32.139,32.09,0.0813,0.4115,0.2968,0.2103
2100,3,0.005,0.00,0.0938,0.0116,0.8780,0.0166
2100,9,0.218,0.25,0.0603,0.2372,0.0117,0.6908
2100,11,2.702,2.78,0.2255,0.3895,0.2849,0.1001
2100,13,11.316,11.32,0.1838,0.1704,0.4378,0.2080
2100,14,2.064,2.16,0.1694,0.2391,0.0811,0.5104
2100,15,18.155,17.78,0.2414,0.1108,0.2787,0.3691
2100,16,0.650,0.62,0.2711,0.5626,0.0334,0.1329
2100,18,2.603,2.52,0.3261,0.4172,0.0961,0.1607
2100,19,2.081,2.20,0.2624,0.3370,0.0330,0.3675
2100,20,0.594,0.48,0.3854,0.2477,0.1161,0.2508
2100,36,0.075,0.05,0.3146,0.5407,0.1348,0.0099
2100,41,0.085,0.11,0.3375,0.6151,0.0342,0.0132
2100,44,0.090,0.08,0.4303,0.5285,0.0142,0.0270
2100,45,0.001,0.00,0.5415,0.2299,0.1488,0.0798
2100,61,0.012,0.02,0.2802,0.4361,0.2795,0.0042
2100,63,3.828,3.86,0.3814,0.2028,0.3860,0.0298
2100,65,0.828,0.79,0.5034,0.0902,0.3521,0.0543
2100,68,0.692,0.70,0.4528,0.4105,0.1044,0.0322
2100,69,0.093,0.12,0.4911,0.3996,0.0637,0.0456
2100,75,0.260,0.27,0.5591,0.1394,0.2511,0.0504
2100,90,0.001,0.00,0.5646,0.2421,0.1907,0.0026
2100,115,0.040,0.07,0.5098,0.0211,0.4584,0.0107
2100,134,0.001,0.00,0.0396,0.1090,0.0017,0.8497
2100,143,0.001,0.00,0.4702,0.3862,0.0592,0.0845
2100,144,0.887,1.01,0.3302,0.2893,0.0196,0.3610
2100,145,3.725,3.64,0.4299,0.1900,0.0870,0.2932
2100,150,0.003,0.00,0.5036,0.1316,0.2001,0.1647
2100,169,0.282,0.31,0.5282,0.3843,0.0406,0.0469
2100,170,0.008,0.02,0.5664,0.2524,0.1029,0.0783
2100,190,0.008,0.00,0.5736,0.2346,0.1785,0.0132
2100,193,0.068,0.04,0.5460,0.2979,0.1171,0.0390
2100,195,0.015,0.01,0.5672,0.2309,0.1313,0.0706
2100,200,0.178,0.15,0.5917,0.1759,0.1627,0.0696
2100,219,0.287,0.29,0.5937,0.3000,0.0723,0.0339
2100,220,0.287,0.20,0.6268,0.2154,0.1137,0.0440
2100,225,0.079,0.12,0.6601,0.1683,0.1265,0.0451
2100,250,0.325,0.35,0.6525,0.1402,0.1622,0.0451
2100,265,0.816,0.82,0.4740,0.0327,0.2843,0.2090
2100,269,0.750,0.79,0.1789,0.0644,0.0311,0.7255
2100,270,1.984,2.20,0.5346,0.0605,0.1703,0.2347
2100,274,3.108,3.24,0.2785,0.0357,0.1135,0.5724
2100,275,0.029,0.01,0.5792,0.0102,0.2569,0.1537
2100,315,0.030,0.03,0.5580,0.0570,0.3037,0.0813
2100,320,0.136,0.14,0.6858,0.0863,0.1468,0.0811
2100,325,0.366,0.28,0.6358,0.0492,0.2198,0.0952
2100,365,0.522,0.51,0.5997,0.0556,0.3125,0.0323
2100,375,0.502,0.47,0.7057,0.0439,0.2132,0.0373
2100,394,2.056,2.10,0.4823,0.1877,0.0182,0.3118
2100,395,0.333,0.29,0.5327,0.1254,0.0428,0.2990
2100,400,0.847,0.66,0.5747,0.0865,0.0464,0.2923
2100,419,0.389,0.38,0.6633,0.2263,0.0251,0.0853
2100,444,0.094,0.09,0.6361,0.2966,0.0371,0.0303
2100,445,0.065,0.06,0.6933,0.1803,0.0696,0.0568
2100,469,0.356,0.55,0.7314,0.2149,0.0235,0.0301
2100,470,0.012,0.01,0.7354,0.1846,0.0632,0.0168
2100,475,0.483,0.47,0.7779,0.1151,0.0568,0.0502
2100,519,0.340,0.30,0.6156,0.0324,0.0150,0.3370
2100,525,1.128,1.27,0.6123,0.0281,0.0680,0.2916
2100,574,0.000,0.00,0.7064,0.0843,0.0899,0.1195
2100,599,0.257,0.26,0.8504,0.0390,0.0262,0.0844
2100,620,0.062,0.04,0.8618,0.0621,0.0507,0.0254
2100,625,0.647,0.62,0.8072,0.0374,0.1006,0.0548
