horizon,simulation_id,joint_acceptability_pct
2020,1,19.665
2020,11,8.068
2020,13,7.857
2020,63,6.575
2020,25,6.282
2020,15,5.615
2020,469,3.885
2020,19,3.760
2020,3,3.125
2020,18,2.450
2020,625,2.325
2020,75,2.167
2020,375,2.127
2020,325,1.718
2020,16,1.650
2020,20,1.552
2020,265,1.520
2020,69,1.423
2020,394,1.320
2020,43,1.120
2020,525,1.110
2020,144,1.012
2020,419,0.998
2020,140,0.945
2020,68,0.945
2020,90,0.897
2020,115,0.850
2020,145,0.805
2020,44,0.765
2020,190,0.725
2020,143,0.677
2020,6,0.665
2020,65,0.657
2020,128,0.635
2020,270,0.438
2020,194,0.415
2020,200,0.380
2020,275,0.340
2020,550,0.335
2020,70,0.297
2020,300,0.270
2020,169,0.223
2020,125,0.210
2020,138,0.195
2020,600,0.182
2020,263,0.117
2020,594,0.090
2020,113,0.085
2020,40,0.085
2020,420,0.083
2020,519,0.058
2020,400,0.045
2020,219,0.045
2020,470,0.037
2020,395,0.037
2020,253,0.037
2020,41,0.033
2020,520,0.030
2020,575,0.018
2020,494,0.010
2020,220,0.010
2020,139,0.003
2050,1,28.455
2050,13,19.470
2050,15,7.600
2050,394,5.162
2050,11,4.760
2050,525,3.995
2050,144,3.967
2050,3,3.857
2050,265,3.775
2050,18,3.490
2050,16,2.188
2050,275,1.907
2050,65,1.752
2050,63,1.383
2050,625,0.780
2050,19,0.705
2050,149,0.570
2050,470,0.552
2050,150,0.485
2050,194,0.470
2050,375,0.455
2050,469,0.432
2050,395,0.403
2050,365,0.400
2050,69,0.362
2050,140,0.338
2050,20,0.258
2050,515,0.198
2050,68,0.190
2050,250,0.152
2050,195,0.138
2050,315,0.117
2050,240,0.095
2050,5,0.092
2050,444,0.090
2050,244,0.083
2050,300,0.075
2050,390,0.070
2050,43,0.070
2050,175,0.065
2050,141,0.050
2050,325,0.043
2050,165,0.043
2050,139,0.040
2050,575,0.037
2050,420,0.037
2050,215,0.033
2050,169,0.033
2050,570,0.030
2050,445,0.025
2050,200,0.025
2050,419,0.022
2050,21,0.018
2050,595,0.015
2050,391,0.015
2050,190,0.015
2050,600,0.013
2050,450,0.013
2050,8,0.013
2050,271,0.010
2050,38,0.010
2050,389,0.007
2050,134,0.007
2050,44,0.007
2050,384,0.005
2050,340,0.005
2050,170,0.005
2050,4,0.005
2050,545,0.003
2050,516,0.003
2050,474,0.003
2050,219,0.003
2050,6,0.003
2100,1,31.080
2100,13,15.312
2100,15,10.640
2100,145,4.742
2100,18,4.325
2100,11,4.205
2100,63,3.703
2100,394,2.050
2100,270,1.985
2100,265,1.850
2100,525,1.752
2100,14,1.585
2100,3,1.552
2100,16,1.230
2100,19,0.965
2100,144,0.935
2100,274,0.810
2100,375,0.670
2100,275,0.662
2100,365,0.630
2100,400,0.623
2100,140,0.600
2100,68,0.583
2100,625,0.580
2100,469,0.547
2100,25,0.540
2100,475,0.468
2100,519,0.453
2100,20,0.415
2100,444,0.380
2100,65,0.362
2100,250,0.355
2100,143,0.320
2100,395,0.278
2100,169,0.245
2100,75,0.237
2100,599,0.233
2100,219,0.223
2100,269,0.198
2100,220,0.145
2100,225,0.135
2100,115,0.133
2100,44,0.105
2100,445,0.102
2100,419,0.095
2100,620,0.092
2100,41,0.083
2100,170,0.080
2100,6,0.075
2100,139,0.072
2100,325,0.070
2100,9,0.062
2100,200,0.050
2100,45,0.048
2100,36,0.048
2100,320,0.045
2100,69,0.033
2100,138,0.030
2100,575,0.028
2100,193,0.028
2100,175,0.025
2100,470,0.015
2100,61,0.015
2100,263,0.013
2100,600,0.010
2100,129,0.010
2100,315,0.007
2100,190,0.007
2100,150,0.007
2100,253,0.005
2100,520,0.003
2100,195,0.003
