task_design,model,repeat_seed,horizon,own_anchor_pct,common_anchor_pct,delta
all-predicted,gradient_boosting,17,2020,21.06,21.11,0.05000000000000071
all-predicted,gradient_boosting,17,2050,57.78,58.62,0.8399999999999963
all-predicted,gradient_boosting,17,2100,51.61,52.03,0.4200000000000017
all-predicted,gradient_boosting,29,2020,30.71,30.42,-0.28999999999999915
all-predicted,gradient_boosting,29,2050,60.57,60.87,0.29999999999999716
all-predicted,gradient_boosting,29,2100,50.15,50.32,0.1700000000000017
all-predicted,gradient_boosting,43,2020,29.88,30.46,0.5800000000000018
all-predicted,gradient_boosting,43,2050,59.96,62.76,2.799999999999997
all-predicted,gradient_boosting,43,2100,63.13,64.5,1.3699999999999974
all-predicted,independent_stl_nn,17,2020,24.75,23.81,-0.9400000000000013
all-predicted,independent_stl_nn,17,2050,23.61,23.73,0.120000000000001
all-predicted,independent_stl_nn,17,2100,25.49,25.38,-0.10999999999999943
all-predicted,independent_stl_nn,29,2020,4.49,4.49,0.0
all-predicted,independent_stl_nn,29,2050,6.77,7.51,0.7400000000000002
all-predicted,independent_stl_nn,29,2100,9.34,9.38,0.040000000000000924
all-predicted,independent_stl_nn,43,2020,17.44,17.44,0.0
all-predicted,independent_stl_nn,43,2050,21.8,21.65,-0.15000000000000213
all-predicted,independent_stl_nn,43,2100,26.4,26.07,-0.3299999999999983
all-predicted,random_forest,17,2020,14.54,14.22,-0.3199999999999985
all-predicted,random_forest,17,2050,9.85,10.09,0.2400000000000002
all-predicted,random_forest,17,2100,8.87,9.66,0.7900000000000009
all-predicted,random_forest,29,2020,33.87,34.01,0.14000000000000057
all-predicted,random_forest,29,2050,11.54,11.7,0.16000000000000014
all-predicted,random_forest,29,2100,18.87,20.32,1.4499999999999993
all-predicted,random_forest,43,2020,9.97,9.76,-0.21000000000000085
all-predicted,random_forest,43,2050,6.4,6.71,0.3099999999999996
all-predicted,random_forest,43,2100,11.53,12.04,0.5099999999999998
all-predicted,shared_mtl_nn,17,2020,6.46,3.24,-3.2199999999999998
all-predicted,shared_mtl_nn,17,2050,23.54,22.23,-1.3099999999999987
all-predicted,shared_mtl_nn,17,2100,16.93,16.29,-0.6400000000000006
all-predicted,shared_mtl_nn,29,2020,1.55,1.98,0.42999999999999994
all-predicted,shared_mtl_nn,29,2050,2.32,2.2,-0.11999999999999966
all-predicted,shared_mtl_nn,29,2100,12.25,12.56,0.3100000000000005
all-predicted,shared_mtl_nn,43,2020,17.02,17.88,0.8599999999999994
all-predicted,shared_mtl_nn,43,2050,3.82,4.26,0.43999999999999995
all-predicted,shared_mtl_nn,43,2100,3.55,3.36,-0.18999999999999995
all-predicted,shared_mtl_nn_mgda,17,2020,4.55,4.99,0.4400000000000004
all-predicted,shared_mtl_nn_mgda,17,2050,11.88,11.63,-0.25
all-predicted,shared_mtl_nn_mgda,17,2100,18.98,18.9,-0.08000000000000185
all-predicted,shared_mtl_nn_mgda,29,2020,15.32,15.23,-0.08999999999999986
all-predicted,shared_mtl_nn_mgda,29,2050,9.03,9.08,0.05000000000000071
all-predicted,shared_mtl_nn_mgda,29,2100,4.74,4.75,0.009999999999999787
all-predicted,shared_mtl_nn_mgda,43,2020,14.4,14.95,0.5499999999999989
all-predicted,shared_mtl_nn_mgda,43,2050,7.84,8.0,0.16000000000000014
all-predicted,shared_mtl_nn_mgda,43,2100,3.7,4.52,0.8199999999999994
exact-index,gradient_boosting,17,2020,28.56,29.92,1.360000000000003
exact-index,gradient_boosting,17,2050,63.02,65.57,2.54999999999999
exact-index,gradient_boosting,17,2100,63.4,63.55,0.14999999999999858
exact-index,gradient_boosting,29,2020,31.38,32.73,1.3499999999999979
exact-index,gradient_boosting,29,2050,68.58,68.89,0.3100000000000023
exact-index,gradient_boosting,29,2100,59.94,60.21,0.2700000000000031
exact-index,gradient_boosting,43,2020,34.76,36.1,1.3400000000000034
exact-index,gradient_boosting,43,2050,64.44,66.0,1.5600000000000023
exact-index,gradient_boosting,43,2100,61.57,61.2,-0.36999999999999744
exact-index,independent_stl_nn,17,2020,52.47,54.66,2.1899999999999977
exact-index,independent_stl_nn,17,2050,65.22,64.83,-0.39000000000000057
exact-index,independent_stl_nn,17,2100,56.97,56.91,-0.060000000000002274
exact-index,independent_stl_nn,29,2020,28.77,28.43,-0.33999999999999986
exact-index,independent_stl_nn,29,2050,61.04,61.26,0.21999999999999886
exact-index,independent_stl_nn,29,2100,56.51,56.61,0.10000000000000142
exact-index,independent_stl_nn,43,2020,36.87,36.75,-0.11999999999999744
exact-index,independent_stl_nn,43,2050,53.19,52.4,-0.7899999999999991
exact-index,independent_stl_nn,43,2100,45.32,44.56,-0.759999999999998
exact-index,random_forest,17,2020,25.65,26.95,1.3000000000000007
exact-index,random_forest,17,2050,52.04,56.24,4.200000000000003
exact-index,random_forest,17,2100,54.2,57.54,3.3399999999999963
exact-index,random_forest,29,2020,51.27,54.02,2.75
exact-index,random_forest,29,2050,54.44,58.16,3.719999999999999
exact-index,random_forest,29,2100,56.67,57.64,0.9699999999999989
exact-index,random_forest,43,2020,26.62,28.05,1.4299999999999997
exact-index,random_forest,43,2050,49.24,52.5,3.259999999999998
exact-index,random_forest,43,2100,48.73,50.45,1.720000000000006
exact-index,shared_mtl_nn,17,2020,25.13,23.46,-1.6699999999999982
exact-index,shared_mtl_nn,17,2050,61.45,60.76,-0.6900000000000048
exact-index,shared_mtl_nn,17,2100,62.51,61.6,-0.9099999999999966
exact-index,shared_mtl_nn,29,2020,34.09,35.35,1.259999999999998
exact-index,shared_mtl_nn,29,2050,50.04,51.25,1.2100000000000009
exact-index,shared_mtl_nn,29,2100,60.98,61.05,0.07000000000000028
exact-index,shared_mtl_nn,43,2020,42.42,46.19,3.769999999999996
exact-index,shared_mtl_nn,43,2050,52.24,51.85,-0.39000000000000057
exact-index,shared_mtl_nn,43,2100,57.56,59.89,2.3299999999999983
exact-index,shared_mtl_nn_mgda,17,2020,35.82,36.05,0.22999999999999687
exact-index,shared_mtl_nn_mgda,17,2050,56.54,55.81,-0.7299999999999969
exact-index,shared_mtl_nn_mgda,17,2100,46.05,46.01,-0.03999999999999915
exact-index,shared_mtl_nn_mgda,29,2020,49.37,48.63,-0.7399999999999949
exact-index,shared_mtl_nn_mgda,29,2050,47.75,47.02,-0.7299999999999969
exact-index,shared_mtl_nn_mgda,29,2100,47.43,46.6,-0.8299999999999983
exact-index,shared_mtl_nn_mgda,43,2020,35.02,38.65,3.6299999999999955
exact-index,shared_mtl_nn_mgda,43,2050,60.27,61.02,0.75
exact-index,shared_mtl_nn_mgda,43,2100,39.0,39.01,0.00999999999999801
