weather,component,floor_group,metric,n,min,q1,median,q3,max
Present TMYx,floor,all,heating_saved_gj,125,2.049215096683909,2.42268275170294,2.5342778949701597,2.6896779849880907,3.039594302246382
Present TMYx,floor,all,additional_threshold_days,125,2.0,3.0,3.0,3.0,4.0
Present TMYx,windows,all,heating_saved_gj,125,5.1219784815365905,5.463112905107863,5.648897536167841,5.750598959748999,6.048479831044357
Present TMYx,windows,all,additional_threshold_days,125,-2.0,-1.0,0.0,0.0,0.0
Present TMYx,windows,existing,heating_saved_gj,25,5.1219784815365905,5.392348527927204,5.453653089999033,5.519664009215415,5.738655758034202
Present TMYx,windows,existing,additional_threshold_days,25,-2.0,-1.0,-1.0,-1.0,0.0
Present TMYx,windows,insulated,heating_saved_gj,100,5.3187164981179045,5.516886132399985,5.693572807622884,5.804709215165944,6.048479831044357
Present TMYx,windows,insulated,additional_threshold_days,100,-1.0,-1.0,0.0,0.0,0.0
Present TMYx,facade,all,heating_saved_gj,125,5.80828634720919,6.116408335541809,6.239427189955379,6.407814441437033,6.8361408332789075
Present TMYx,facade,all,additional_threshold_days,125,-4.0,-3.0,-2.0,-2.0,-1.0
Present TMYx,facade,existing,heating_saved_gj,25,5.80828634720919,5.959441622960156,6.049270872188064,6.104585738595727,6.419920690247437
Present TMYx,facade,existing,additional_threshold_days,25,-4.0,-3.0,-3.0,-2.0,-2.0
Present TMYx,facade,insulated,heating_saved_gj,100,5.957843098374163,6.190287433146124,6.276956659008324,6.476797573076736,6.8361408332789075
Present TMYx,facade,insulated,additional_threshold_days,100,-3.0,-2.0,-2.0,-2.0,-1.0
Present TMYx,roof,all,heating_saved_gj,125,4.831762353249374,5.126433384152499,5.259827007821276,5.439765050977854,5.760732874920549
Present TMYx,roof,all,additional_threshold_days,125,-2.0,-1.0,-1.0,-1.0,0.0
Present TMYx,roof,existing,heating_saved_gj,25,5.009465051926821,5.113516287946478,5.176316749215669,5.274843541991409,5.59315246697
Present TMYx,roof,existing,additional_threshold_days,25,-1.0,0.0,0.0,0.0,0.0
Present TMYx,roof,insulated,heating_saved_gj,100,4.831762353249374,5.15167943878072,5.269255112155138,5.4821000438250005,5.760732874920549
Present TMYx,roof,insulated,additional_threshold_days,100,-2.0,-1.0,-1.0,-1.0,0.0
SSP2-4.5 / 2050,floor,all,heating_saved_gj,125,1.7188402400557976,2.291133287850517,2.3862667085109326,2.4684885598637685,2.8350528628492953
SSP2-4.5 / 2050,floor,all,additional_threshold_days,125,19.0,32.0,40.0,44.0,46.0
SSP2-4.5 / 2050,windows,all,heating_saved_gj,125,4.315746114983931,4.626542615996417,4.703322099281051,4.801549908800965,5.017715143566736
SSP2-4.5 / 2050,windows,all,additional_threshold_days,125,-3.0,5.0,9.0,10.0,11.0
SSP2-4.5 / 2050,windows,existing,heating_saved_gj,25,4.315746114983931,4.545461578595457,4.620403361759031,4.660155712554797,4.775673472295821
SSP2-4.5 / 2050,windows,existing,additional_threshold_days,25,-3.0,-3.0,-2.0,-2.0,0.0
SSP2-4.5 / 2050,windows,insulated,heating_saved_gj,100,4.493567119031166,4.646261413660601,4.728672313040653,4.819070430201869,5.017715143566736
SSP2-4.5 / 2050,windows,insulated,additional_threshold_days,100,5.0,7.75,9.0,10.0,11.0
SSP2-4.5 / 2050,facade,all,heating_saved_gj,125,5.032514305046218,5.440071037100829,5.5452079257953315,5.635589996158126,5.866647811499078
SSP2-4.5 / 2050,facade,all,additional_threshold_days,125,-4.0,11.0,13.0,14.0,16.0
SSP2-4.5 / 2050,facade,existing,heating_saved_gj,25,5.032514305046218,5.230189390991065,5.28806759520721,5.359938886189578,5.492470782684816
SSP2-4.5 / 2050,facade,existing,additional_threshold_days,25,-4.0,-4.0,-3.0,-3.0,-3.0
SSP2-4.5 / 2050,facade,insulated,heating_saved_gj,100,5.344231869673148,5.497537722146255,5.584181825513428,5.652580945823619,5.866647811499078
SSP2-4.5 / 2050,facade,insulated,additional_threshold_days,100,10.0,12.0,14.0,14.0,16.0
SSP2-4.5 / 2050,roof,all,heating_saved_gj,125,4.039925817223459,4.198103757575373,4.282155016745596,4.411049140225327,4.6612543700316245
SSP2-4.5 / 2050,roof,all,additional_threshold_days,125,-4.0,-2.0,-1.0,0.0,1.0
SSP2-4.5 / 2050,roof,existing,heating_saved_gj,25,4.30044501155972,4.411049140225327,4.448044069062085,4.489922716499301,4.6612543700316245
SSP2-4.5 / 2050,roof,existing,additional_threshold_days,25,-4.0,-3.0,-2.0,-1.0,0.0
SSP2-4.5 / 2050,roof,insulated,heating_saved_gj,100,4.039925817223459,4.1667905959242475,4.260303305525358,4.321136460046568,4.597278580309755
SSP2-4.5 / 2050,roof,insulated,additional_threshold_days,100,-3.0,-1.0,0.0,0.0,1.0
SSP5-8.5 / 2080,floor,all,heating_saved_gj,125,1.955029923466812,2.2130155335531168,2.2853560612790016,2.3420398558318034,2.443955049776376
SSP5-8.5 / 2080,floor,all,additional_threshold_days,125,31.0,43.0,53.0,60.0,64.0
SSP5-8.5 / 2080,windows,all,heating_saved_gj,125,3.287018814024634,3.500535469950888,3.5427923833592825,3.598455671238458,3.7446764474853858
SSP5-8.5 / 2080,windows,all,additional_threshold_days,125,-3.0,6.0,12.0,16.0,19.0
SSP5-8.5 / 2080,windows,existing,heating_saved_gj,25,3.287018814024634,3.4380163797756538,3.5111709155849056,3.5432546221852945,3.663153643433171
SSP5-8.5 / 2080,windows,existing,additional_threshold_days,25,-3.0,-2.0,-2.0,-1.0,0.0
SSP5-8.5 / 2080,windows,insulated,heating_saved_gj,100,3.356944432576455,3.5100606874700317,3.5604977738263646,3.60988860530053,3.7446764474853858
SSP5-8.5 / 2080,windows,insulated,additional_threshold_days,100,5.0,11.0,14.0,17.0,19.0
SSP5-8.5 / 2080,facade,all,heating_saved_gj,125,3.5522080716123963,3.8622345711661996,3.9124842811218628,3.969172506595722,4.08062966302629
SSP5-8.5 / 2080,facade,all,additional_threshold_days,125,-5.0,9.0,12.0,19.0,22.0
SSP5-8.5 / 2080,facade,existing,heating_saved_gj,25,3.5522080716123963,3.7349297856144865,3.8102622132974275,3.8733137822791797,3.9471245841007097
SSP5-8.5 / 2080,facade,existing,additional_threshold_days,25,-5.0,-3.0,-3.0,-3.0,0.0
SSP5-8.5 / 2080,facade,insulated,heating_saved_gj,100,3.797134580682716,3.8876281933421932,3.9238071359456885,3.984003872834665,4.08062966302629
SSP5-8.5 / 2080,facade,insulated,additional_threshold_days,100,8.0,10.0,14.0,19.0,22.0
SSP5-8.5 / 2080,roof,all,heating_saved_gj,125,2.966658059814451,3.133841392685502,3.1852943426231963,3.240454496237703,3.4027281523612274
SSP5-8.5 / 2080,roof,all,additional_threshold_days,125,-6.0,-3.0,-2.0,-1.0,1.0
SSP5-8.5 / 2080,roof,existing,heating_saved_gj,25,3.012298358670831,3.13296920550143,3.2002837217287006,3.2498819347931107,3.4027281523612274
SSP5-8.5 / 2080,roof,existing,additional_threshold_days,25,-6.0,-4.0,-3.0,-2.0,0.0
SSP5-8.5 / 2080,roof,insulated,heating_saved_gj,100,2.966658059814451,3.136142048196311,3.1835968861033734,3.238876481225993,3.3409414038564
SSP5-8.5 / 2080,roof,insulated,additional_threshold_days,100,-6.0,-3.0,-2.0,-1.0,1.0
