scope,profile,repeat_seed,outer_fold,horizon,candidate_count,exact_front_size,winner_id,runner_up_front_id,front_score_margin,runner_up_all_id,all_candidates_score_margin,d24_front_span
within125,cost_priority,17,1,2020,125,63,11,3,0.0001070844301064855,3,0.0001070844301064855,6.0
within125,carbon_priority,17,1,2020,125,63,3,13,0.002787268845147614,13,0.002787268845147614,6.0
within125,energy_priority,17,1,2020,125,63,420,594,0.007550930628862529,424,0.004589004965998733,6.0
within125,days_below_24_priority,17,1,2020,125,63,25,20,0.00037395425704812857,20,0.00037395425704812857,6.0
within125,balanced,17,1,2020,125,63,25,20,0.0009348856426203422,20,0.0009348856426203422,6.0
within125,cost_priority,17,1,2050,125,67,11,21,0.02451258686783686,21,0.02451258686783686,46.0
within125,carbon_priority,17,1,2050,125,67,11,13,0.0017333167043975944,13,0.0017333167043975944,46.0
within125,energy_priority,17,1,2050,125,67,525,595,0.004048188666269326,595,0.004048188666269326,46.0
within125,days_below_24_priority,17,1,2050,125,67,25,20,0.00019249253887704265,20,0.00019249253887704265,46.0
within125,balanced,17,1,2050,125,67,13,25,0.013658550542582637,25,0.013658550542582637,46.0
within125,cost_priority,17,1,2100,125,71,11,21,0.025271244834685513,21,0.025271244834685513,64.0
within125,carbon_priority,17,1,2100,125,71,11,13,0.002592448785491752,13,0.002592448785491752,64.0
within125,energy_priority,17,1,2100,125,71,445,250,9.876279192838622e-05,250,9.876279192838622e-05,64.0
within125,days_below_24_priority,17,1,2100,125,71,20,25,0.000249594605890191,25,0.000249594605890191,64.0
within125,balanced,17,1,2100,125,71,13,20,0.011470781343714709,20,0.011470781343714709,64.0
within125,cost_priority,17,2,2020,125,68,16,2,0.007584531738229622,2,0.007584531738229622,6.0
within125,carbon_priority,17,2,2020,125,68,15,2,0.0054809453055550406,2,0.0054809453055550406,6.0
within125,energy_priority,17,2,2020,125,68,620,570,0.0006048425910408772,570,0.0006048425910408772,6.0
within125,days_below_24_priority,17,2,2020,125,68,148,139,0.0005443605946684749,139,0.0005443605946684749,6.0
within125,balanced,17,2,2020,125,68,15,9,0.029847849358320078,9,0.029847849358320078,6.0
within125,cost_priority,17,2,2050,125,72,16,51,0.0337402500545861,51,0.0337402500545861,46.0
within125,carbon_priority,17,2,2050,125,72,15,2,0.010563743307475518,2,0.010563743307475518,46.0
within125,energy_priority,17,2,2050,125,72,400,399,0.00025301867932664424,399,0.00025301867932664424,46.0
within125,days_below_24_priority,17,2,2050,125,72,15,139,0.008808491869797402,139,0.008808491869797402,46.0
within125,balanced,17,2,2050,125,72,15,9,0.029169379728918476,9,0.029169379728918476,46.0
within125,cost_priority,17,2,2100,125,70,16,51,0.033793978839913225,51,0.033793978839913225,64.0
within125,carbon_priority,17,2,2100,125,70,15,2,0.011573698775199467,2,0.011573698775199467,64.0
within125,energy_priority,17,2,2100,125,70,620,570,0.0019113185517147246,570,0.0019113185517147246,64.0
within125,days_below_24_priority,17,2,2100,125,70,15,9,0.01205122252396637,9,0.01205122252396637,64.0
within125,balanced,17,2,2100,125,70,15,9,0.030128056309915913,9,0.030128056309915913,64.0
within125,cost_priority,17,3,2020,125,72,76,101,0.011553878713707888,101,0.011553878713707888,6.0
within125,carbon_priority,17,3,2020,125,72,12,24,0.02756905207601479,24,0.02756905207601479,6.0
within125,energy_priority,17,3,2020,125,72,600,469,0.0019214744437321407,469,0.0019214744437321407,6.0
within125,days_below_24_priority,17,3,2020,125,72,24,147,0.03808185275310383,147,0.03808185275310383,6.0
within125,balanced,17,3,2020,125,72,24,12,0.03958733501084877,12,0.03958733501084877,6.0
within125,cost_priority,17,3,2050,125,73,76,101,0.014002550226076188,101,0.014002550226076188,46.0
within125,carbon_priority,17,3,2050,125,73,12,61,0.03582608203052107,61,0.03582608203052107,46.0
within125,energy_priority,17,3,2050,125,73,395,600,0.0027335086736275382,600,0.0027335086736275382,46.0
within125,days_below_24_priority,17,3,2050,125,73,24,134,0.009150144517532377,134,0.009150144517532377,46.0
within125,balanced,17,3,2050,125,73,24,12,0.0017834905508455068,12,0.0017834905508455068,46.0
within125,cost_priority,17,3,2100,125,78,76,101,0.011472540538694481,101,0.011472540538694481,64.0
within125,carbon_priority,17,3,2100,125,78,12,61,0.03305532549494819,61,0.03305532549494819,64.0
within125,energy_priority,17,3,2100,125,78,600,599,0.00015856018481180678,599,0.00015856018481180678,64.0
within125,days_below_24_priority,17,3,2100,125,78,24,12,0.019999394944124615,12,0.019999394944124615,64.0
within125,balanced,17,3,2100,125,78,24,12,0.0031234873603115387,12,0.0031234873603115387,64.0
within125,cost_priority,17,4,2020,125,73,1,6,0.0469154876603293,6,0.0469154876603293,6.0
within125,carbon_priority,17,4,2020,125,73,1,22,0.0028663811682225204,22,0.0028663811682225204,6.0
within125,energy_priority,17,4,2020,125,73,550,419,0.0038307921538579814,419,0.0038307921538579814,6.0
within125,days_below_24_priority,17,4,2020,125,73,142,128,0.00029767639585476235,128,0.00029767639585476235,6.0
within125,balanced,17,4,2020,125,73,8,22,0.004696759229045888,22,0.004696759229045888,6.0
within125,cost_priority,17,4,2050,125,80,1,6,0.04381898817635535,6,0.04381898817635535,46.0
within125,carbon_priority,17,4,2050,125,80,1,22,0.04550525374941927,22,0.04550525374941927,46.0
within125,energy_priority,17,4,2050,125,80,514,390,0.001564233604763876,390,0.001564233604763876,46.0
within125,days_below_24_priority,17,4,2050,125,80,8,22,0.00265198837735256,22,0.00265198837735256,46.0
within125,balanced,17,4,2050,125,80,8,22,0.006629970943381414,22,0.006629970943381414,46.0
within125,cost_priority,17,4,2100,125,78,1,6,0.048526812167251104,6,0.048526812167251104,66.0
within125,carbon_priority,17,4,2100,125,78,1,22,0.05036288967768107,22,0.05036288967768107,66.0
within125,energy_priority,17,4,2100,125,78,225,224,0.00208676687427245,224,0.00208676687427245,66.0
within125,days_below_24_priority,17,4,2100,125,78,8,274,0.006926373718366907,274,0.006926373718366907,66.0
within125,balanced,17,4,2100,125,78,8,22,0.006333943473865122,22,0.006333943473865122,66.0
within125,cost_priority,17,5,2020,125,69,4,5,0.013268514255002695,5,0.013268514255002695,6.0
within125,carbon_priority,17,5,2020,125,69,5,23,0.007485905335332013,23,0.007485905335332013,6.0
within125,energy_priority,17,5,2020,125,69,425,575,0.003952168299240139,575,0.003952168299240139,6.0
within125,days_below_24_priority,17,5,2020,125,69,19,132,0.0446237355936438,132,0.0446237355936438,6.0
within125,balanced,17,5,2020,125,69,19,18,0.028033041329139058,18,0.028033041329139058,6.0
within125,cost_priority,17,5,2050,125,82,4,5,0.012165747638881619,5,0.012165747638881619,46.0
within125,carbon_priority,17,5,2050,125,82,5,23,0.007228802008582114,23,0.007228802008582114,46.0
within125,energy_priority,17,5,2050,125,82,394,575,0.0013580168602180809,575,0.0013580168602180809,46.0
within125,days_below_24_priority,17,5,2050,125,82,18,14,0.0006038697491441286,14,0.0006038697491441286,46.0
within125,balanced,17,5,2050,125,82,18,14,0.001509674372860259,14,0.001509674372860259,46.0
within125,cost_priority,17,5,2100,125,76,4,5,0.011412396356284257,5,0.011412396356284257,66.0
within125,carbon_priority,17,5,2100,125,76,5,23,0.006389525421510625,23,0.006389525421510625,66.0
within125,energy_priority,17,5,2100,125,76,425,574,0.00045262702973880575,574,0.00045262702973880575,66.0
within125,days_below_24_priority,17,5,2100,125,76,14,19,0.004938408960321952,19,0.004938408960321952,66.0
within125,balanced,17,5,2100,125,76,14,23,0.0013457443886424336,23,0.0013457443886424336,66.0
within125,cost_priority,29,1,2020,125,67,11,3,0.001062295886983533,3,0.001062295886983533,6.0
within125,carbon_priority,29,1,2020,125,67,3,22,0.04188265724518593,22,0.04188265724518593,6.0
within125,energy_priority,29,1,2020,125,67,494,599,0.00043136724447112584,599,0.00043136724447112584,6.0
within125,days_below_24_priority,29,1,2020,125,67,19,148,0.02747332661774947,148,0.02747332661774947,6.0
within125,balanced,29,1,2020,125,67,19,10,0.04794208063104036,10,0.04794208063104036,6.0
within125,cost_priority,29,1,2050,125,77,11,3,0.0483988516166763,3,0.0483988516166763,46.0
within125,carbon_priority,29,1,2050,125,77,11,3,0.0015791656195890402,3,0.0015791656195890402,46.0
within125,energy_priority,29,1,2050,125,77,470,599,0.0014021641802625662,599,0.0014021641802625662,46.0
within125,days_below_24_priority,29,1,2050,125,77,19,10,0.0022899278920420485,10,0.0022899278920420485,46.0
within125,balanced,29,1,2050,125,77,19,10,0.005724819730105191,10,0.005724819730105191,46.0
within125,cost_priority,29,1,2100,125,74,11,3,0.05002907726240345,3,0.05002907726240345,65.0
within125,carbon_priority,29,1,2100,125,74,11,3,0.0032093912653161777,3,0.0032093912653161777,65.0
within125,energy_priority,29,1,2100,125,74,599,445,0.00029574561874617933,445,0.00029574561874617933,65.0
within125,days_below_24_priority,29,1,2100,125,74,19,10,0.0017738462422750567,10,0.0017738462422750567,65.0
within125,balanced,29,1,2100,125,74,19,10,0.004434615605687697,10,0.004434615605687697,65.0
within125,cost_priority,29,2,2020,125,70,2,5,0.0208665684279747,5,0.0208665684279747,6.0
within125,carbon_priority,29,2,2020,125,70,15,5,0.002504332651139668,5,0.002504332651139668,6.0
within125,energy_priority,29,2,2020,125,70,420,625,0.0011200663616105222,625,0.0011200663616105222,6.0
within125,days_below_24_priority,29,2,2020,125,70,24,134,0.037981457772811034,134,0.037981457772811034,6.0
within125,balanced,29,2,2020,125,70,24,15,0.027338306876103086,15,0.027338306876103086,6.0
within125,cost_priority,29,2,2050,125,76,2,5,0.01814811700928698,5,0.01814811700928698,46.0
within125,carbon_priority,29,2,2050,125,76,15,5,0.00417909782532791,5,0.00417909782532791,46.0
within125,energy_priority,29,2,2050,125,76,625,600,0.004103954753529926,600,0.004103954753529926,46.0
within125,days_below_24_priority,29,2,2050,125,76,15,18,0.0015325823230128294,18,0.0015325823230128294,46.0
within125,balanced,29,2,2050,125,76,15,18,0.0038314558075320526,18,0.0038314558075320526,46.0
within125,cost_priority,29,2,2100,125,79,2,5,0.020021983047218042,5,0.020021983047218042,64.0
within125,carbon_priority,29,2,2100,125,79,15,5,0.004107143531343144,5,0.004107143531343144,64.0
within125,energy_priority,29,2,2100,125,79,600,625,3.0894534644998473e-06,625,3.0894534644998473e-06,64.0
within125,days_below_24_priority,29,2,2100,125,79,15,14,0.0018047037976856306,14,0.0018047037976856306,64.0
within125,balanced,29,2,2100,125,79,15,14,0.00451175949421409,14,0.00451175949421409,64.0
within125,cost_priority,29,3,2020,125,67,1,6,0.04991827720435846,6,0.04991827720435846,6.0
within125,carbon_priority,29,3,2020,125,67,25,1,0.01913102839538547,1,0.01913102839538547,6.0
within125,energy_priority,29,3,2020,125,67,469,499,0.00038835035269180196,499,0.00038835035269180196,6.0
within125,days_below_24_priority,29,3,2020,125,67,25,140,0.030437503606876318,140,0.030437503606876318,6.0
within125,balanced,29,3,2020,125,67,25,4,0.06581618317269364,4,0.06581618317269364,6.0
within125,cost_priority,29,3,2050,125,75,1,6,0.04669006560353939,6,0.04669006560353939,46.0
within125,carbon_priority,29,3,2050,125,75,1,21,0.021980604865766307,21,0.021980604865766307,46.0
within125,energy_priority,29,3,2050,125,75,390,515,0.00024060024887823106,515,0.00024060024887823106,46.0
within125,days_below_24_priority,29,3,2050,125,75,25,140,0.0005135709986911485,140,0.0005135709986911485,46.0
within125,balanced,29,3,2050,125,75,25,21,0.02608641653566257,21,0.02608641653566257,46.0
within125,cost_priority,29,3,2100,125,76,1,6,0.051526432363458136,6,0.051526432363458136,66.0
within125,carbon_priority,29,3,2100,125,76,1,21,0.026669069834725778,21,0.026669069834725778,66.0
within125,energy_priority,29,3,2100,125,76,225,200,0.001355288702061419,200,0.001355288702061419,66.0
within125,days_below_24_priority,29,3,2100,125,76,25,274,0.021894331724624266,274,0.021894331724624266,66.0
within125,balanced,29,3,2100,125,76,25,21,0.02466919054213773,21,0.02466919054213773,66.0
within125,cost_priority,29,4,2020,125,69,16,26,0.0201731695520887,26,0.0201731695520887,6.0
within125,carbon_priority,29,4,2020,125,69,23,20,0.0231165613450873,20,0.0231165613450873,6.0
within125,energy_priority,29,4,2020,125,69,419,620,0.0044618231926827345,620,0.0044618231926827345,6.0
within125,days_below_24_priority,29,4,2020,125,69,20,138,0.029782206873397554,138,0.029782206873397554,6.0
within125,balanced,29,4,2020,125,69,20,23,0.03304342324210932,23,0.03304342324210932,6.0
within125,cost_priority,29,4,2050,125,80,16,26,0.02574118156850827,26,0.02574118156850827,46.0
within125,carbon_priority,29,4,2050,125,80,23,16,0.025362222704055817,16,0.025362222704055817,46.0
within125,energy_priority,29,4,2050,125,80,395,399,0.0019868086969301313,399,0.0019868086969301313,46.0
within125,days_below_24_priority,29,4,2050,125,80,23,20,0.0025434732218954648,20,0.0025434732218954648,46.0
within125,balanced,29,4,2050,125,80,23,20,0.006358683054738662,20,0.006358683054738662,46.0
within125,cost_priority,29,4,2100,125,80,16,26,0.022449655559721837,26,0.022449655559721837,66.0
within125,carbon_priority,29,4,2100,125,80,23,16,0.025990144212672955,16,0.025990144212672955,66.0
within125,energy_priority,29,4,2100,125,80,620,250,0.0017771774266666651,250,0.0017771774266666651,66.0
within125,days_below_24_priority,29,4,2100,125,80,20,23,0.0073039923211358215,23,0.0073039923211358215,66.0
within125,balanced,29,4,2100,125,80,23,20,0.004467291924433153,20,0.004467291924433153,66.0
within125,cost_priority,29,5,2020,125,60,101,8,0.0016929186404494034,8,0.0016929186404494034,6.0
within125,carbon_priority,29,5,2020,125,60,13,65,0.06590172590244447,65,0.06590172590244447,6.0
within125,energy_priority,29,5,2020,125,60,550,575,0.0053782309763589775,575,0.0053782309763589775,6.0
within125,days_below_24_priority,29,5,2020,125,60,143,150,0.0036974107996889938,150,0.0036974107996889938,6.0
within125,balanced,29,5,2020,125,60,13,8,0.024054526136565696,8,0.024054526136565696,6.0
within125,cost_priority,29,5,2050,125,71,101,41,0.02199009755260825,41,0.02199009755260825,46.0
within125,carbon_priority,29,5,2050,125,71,13,101,0.06422823264951551,101,0.06422823264951551,46.0
within125,energy_priority,29,5,2050,125,71,394,595,0.0030410954832547077,595,0.0030410954832547077,46.0
within125,days_below_24_priority,29,5,2050,125,71,150,9,0.0017781911659059402,9,0.0017781911659059402,46.0
within125,balanced,29,5,2050,125,71,13,8,0.02192535174753124,8,0.02192535174753124,46.0
within125,cost_priority,29,5,2100,125,69,101,41,0.019412405911313824,41,0.019412405911313824,64.0
within125,carbon_priority,29,5,2100,125,69,13,101,0.06346416822532848,101,0.06346416822532848,64.0
within125,energy_priority,29,5,2100,125,69,574,575,0.000442248045798066,575,0.000442248045798066,64.0
within125,days_below_24_priority,29,5,2100,125,69,13,9,0.0020140985456051363,9,0.0020140985456051363,64.0
within125,balanced,29,5,2100,125,69,13,8,0.02124550438773881,8,0.02124550438773881,64.0
within125,cost_priority,43,1,2020,125,64,1,21,0.06999531864660632,21,0.06999531864660632,6.0
within125,carbon_priority,43,1,2020,125,64,13,23,0.02241656157695246,23,0.02241656157695246,6.0
within125,energy_priority,43,1,2020,125,64,419,424,0.0026349684474975266,424,0.0026349684474975266,6.0
within125,days_below_24_priority,43,1,2020,125,64,145,133,0.003003532523330091,133,0.003003532523330091,6.0
within125,balanced,43,1,2020,125,64,13,23,0.01088733092295674,23,0.01088733092295674,6.0
within125,cost_priority,43,1,2050,125,72,1,21,0.06690203319404625,21,0.06690203319404625,46.0
within125,carbon_priority,43,1,2050,125,72,1,13,0.002255187787481308,13,0.002255187787481308,46.0
within125,energy_priority,43,1,2050,125,72,525,520,0.0036645981637018488,520,0.0036645981637018488,46.0
within125,days_below_24_priority,43,1,2050,125,72,23,14,0.0004031854218698727,14,0.0004031854218698727,46.0
within125,balanced,43,1,2050,125,72,13,23,0.006211024632682416,23,0.006211024632682416,46.0
within125,cost_priority,43,1,2100,125,76,1,21,0.07156501428480258,21,0.07156501428480258,64.0
within125,carbon_priority,43,1,2100,125,76,1,13,0.007519517907793857,13,0.007519517907793857,64.0
within125,energy_priority,43,1,2100,125,76,225,175,0.0044457233983217215,175,0.0044457233983217215,64.0
within125,days_below_24_priority,43,1,2100,125,76,14,13,0.006995807756737207,13,0.006995807756737207,64.0
within125,balanced,43,1,2100,125,76,13,14,0.005947980608157016,14,0.005947980608157016,64.0
within125,cost_priority,43,2,2020,125,69,2,4,0.008600252935962976,4,0.008600252935962976,6.0
within125,carbon_priority,43,2,2020,125,69,2,4,0.023146614304522917,4,0.023146614304522917,6.0
within125,energy_priority,43,2,2020,125,69,620,545,0.003371892588935166,545,0.003371892588935166,6.0
within125,days_below_24_priority,43,2,2020,125,69,143,130,0.011485952001288463,130,0.011485952001288463,6.0
within125,balanced,43,2,2020,125,69,4,2,0.0064757431652215924,2,0.0064757431652215924,6.0
within125,cost_priority,43,2,2050,125,83,76,2,0.011840452175924387,2,0.011840452175924387,46.0
within125,carbon_priority,43,2,2050,125,83,2,4,0.021405657985178225,4,0.021405657985178225,46.0
within125,energy_priority,43,2,2050,125,83,395,620,0.002789461583577235,620,0.002789461583577235,46.0
within125,days_below_24_priority,43,2,2050,125,83,143,270,0.005766478411316056,270,0.005766478411316056,46.0
within125,balanced,43,2,2050,125,83,4,2,0.010828133963583286,2,0.010828133963583286,46.0
within125,cost_priority,43,2,2100,125,83,76,2,0.011037456605239249,2,0.011037456605239249,65.0
within125,carbon_priority,43,2,2100,125,83,2,4,0.023501486801883742,4,0.023501486801883742,65.0
within125,energy_priority,43,2,2100,125,83,620,250,0.0013530417113595261,250,0.0013530417113595261,65.0
within125,days_below_24_priority,43,2,2100,125,83,270,143,0.0017199272430447055,143,0.0017199272430447055,65.0
within125,balanced,43,2,2100,125,83,4,2,0.0055885619218195015,2,0.0055885619218195015,65.0
within125,cost_priority,43,3,2020,125,75,3,51,0.03298168597429707,51,0.03298168597429707,6.0
within125,carbon_priority,43,3,2020,125,75,3,12,0.023038164975339087,12,0.023038164975339087,6.0
within125,energy_priority,43,3,2020,125,75,625,494,0.0035775218746137982,494,0.0035775218746137982,6.0
within125,days_below_24_priority,43,3,2020,125,75,24,138,0.026955972727453564,138,0.026955972727453564,6.0
within125,balanced,43,3,2020,125,75,24,12,0.04012358928412463,12,0.04012358928412463,6.0
within125,cost_priority,43,3,2050,125,83,51,3,0.009216783371686438,3,0.009216783371686438,46.0
within125,carbon_priority,43,3,2050,125,83,3,12,0.019523930158807976,12,0.019523930158807976,46.0
within125,energy_priority,43,3,2050,125,83,625,394,0.0013754811339680706,394,0.0013754811339680706,46.0
within125,days_below_24_priority,43,3,2050,125,83,139,24,0.0009769021237161224,24,0.0009769021237161224,46.0
within125,balanced,43,3,2050,125,83,24,12,0.0024256746251686,12,0.0024256746251686,46.0
within125,cost_priority,43,3,2100,125,87,51,3,0.008726943596437248,3,0.008726943596437248,64.0
within125,carbon_priority,43,3,2100,125,87,3,12,0.01926192748995846,12,0.01926192748995846,64.0
within125,energy_priority,43,3,2100,125,87,625,570,0.001953989617568097,570,0.001953989617568097,64.0
within125,days_below_24_priority,43,3,2100,125,87,24,139,0.016997540039436085,139,0.016997540039436085,64.0
within125,balanced,43,3,2100,125,87,24,12,0.004219122440591999,12,0.004219122440591999,64.0
within125,cost_priority,43,4,2020,125,65,11,16,0.0014888940655399252,16,0.0014888940655399252,6.0
within125,carbon_priority,43,4,2020,125,65,15,5,0.0030118423591263543,5,0.0030118423591263543,6.0
within125,energy_priority,43,4,2020,125,65,550,420,0.0035015074351508746,420,0.0035015074351508746,6.0
within125,days_below_24_priority,43,4,2020,125,65,20,150,0.03405428552660672,150,0.03405428552660672,6.0
within125,balanced,43,4,2020,125,65,20,15,0.030574349975317494,15,0.030574349975317494,6.0
within125,cost_priority,43,4,2050,125,71,11,16,0.001121524379405131,16,0.001121524379405131,46.0
within125,carbon_priority,43,4,2050,125,71,11,15,0.008886600103097872,15,0.008886600103097872,46.0
within125,energy_priority,43,4,2050,125,71,470,475,0.0003948024241738346,475,0.0003948024241738346,46.0
within125,days_below_24_priority,43,4,2050,125,71,15,20,0.004429649898164079,20,0.004429649898164079,46.0
within125,balanced,43,4,2050,125,71,15,20,0.011074124745410169,20,0.011074124745410169,46.0
within125,cost_priority,43,4,2100,125,78,11,16,0.003115026816639596,16,0.003115026816639596,66.0
within125,carbon_priority,43,4,2100,125,78,11,15,0.011677663847073014,15,0.011677663847073014,66.0
within125,energy_priority,43,4,2100,125,78,475,599,0.002285421764235296,599,0.002285421764235296,66.0
within125,days_below_24_priority,43,4,2100,125,78,15,20,0.004110055297035814,20,0.004110055297035814,66.0
within125,balanced,43,4,2100,125,78,15,20,0.010275138242589493,20,0.010275138242589493,66.0
within125,cost_priority,43,5,2020,125,66,6,26,0.022531651367828337,26,0.022531651367828337,6.0
within125,carbon_priority,43,5,2020,125,66,25,22,0.023641675827114086,22,0.023641675827114086,6.0
within125,energy_priority,43,5,2020,125,66,425,575,0.0032962393885838936,575,0.0032962393885838936,6.0
within125,days_below_24_priority,43,5,2020,125,66,25,19,0.0025847036744946067,19,0.0025847036744946067,6.0
within125,balanced,43,5,2020,125,66,25,19,0.0064617591862365376,19,0.0064617591862365376,6.0
within125,cost_priority,43,5,2050,125,79,6,26,0.027779332999411127,26,0.027779332999411127,46.0
within125,carbon_priority,43,5,2050,125,79,25,22,0.009758667400187673,22,0.009758667400187673,46.0
within125,energy_priority,43,5,2050,125,79,595,575,0.001185068736943684,575,0.001185068736943684,46.0
within125,days_below_24_priority,43,5,2050,125,79,18,140,0.002387083562759268,140,0.002387083562759268,46.0
within125,balanced,43,5,2050,125,79,18,25,0.006316397437334559,25,0.006316397437334559,46.0
within125,cost_priority,43,5,2100,125,81,6,26,0.02643780832695261,26,0.02643780832695261,64.0
within125,carbon_priority,43,5,2100,125,81,25,22,0.009827903898542045,22,0.009827903898542045,64.0
within125,energy_priority,43,5,2100,125,81,445,575,0.00065065857810509,575,0.00065065857810509,64.0
within125,days_below_24_priority,43,5,2100,125,81,25,19,0.002785105374813121,19,0.002785105374813121,64.0
within125,balanced,43,5,2100,125,81,18,25,0.0036123657780832708,25,0.0036123657780832708,64.0
full625,cost_priority,-1,-1,2020,625,242,1,3,0.04091114475047683,3,0.04091114475047683,6.0
full625,carbon_priority,-1,-1,2020,625,242,3,13,0.0017918521038795404,13,0.0017918521038795404,6.0
full625,energy_priority,-1,-1,2020,625,242,550,420,0.0017053137674961916,420,0.0017053137674961916,6.0
full625,days_below_24_priority,-1,-1,2020,625,242,25,20,0.00040659986465883813,20,0.00040659986465883813,6.0
full625,balanced,-1,-1,2020,625,242,25,20,0.0010164996616471023,20,0.0010164996616471023,6.0
full625,cost_priority,-1,-1,2050,625,258,1,11,0.04331466839253478,11,0.04331466839253478,46.0
full625,carbon_priority,-1,-1,2050,625,258,11,1,0.00018257737826643528,1,0.00018257737826643528,46.0
full625,energy_priority,-1,-1,2050,625,258,395,394,0.001046113590733977,394,0.001046113590733977,46.0
full625,days_below_24_priority,-1,-1,2050,625,258,15,18,0.0018518113472129893,18,0.0018518113472129893,46.0
full625,balanced,-1,-1,2050,625,258,13,15,0.0012659126345005156,15,0.0012659126345005156,46.0
full625,cost_priority,-1,-1,2100,625,267,1,11,0.04712976435269528,11,0.04712976435269528,66.0
full625,carbon_priority,-1,-1,2100,625,267,1,11,0.0036325185818940897,11,0.0036325185818940897,66.0
full625,energy_priority,-1,-1,2100,625,267,250,225,0.0004710212426763394,225,0.0004710212426763394,66.0
full625,days_below_24_priority,-1,-1,2100,625,267,15,14,0.0020937041813354346,14,0.0020937041813354346,66.0
full625,balanced,-1,-1,2100,625,267,13,15,0.00045327136860573436,15,0.00045327136860573436,66.0
