design,model,repeat_seed,outer_fold,horizon,candidate_count,exact_front_size,predicted_front_size,precision,recall,f1,weight_space_agreement
all-predicted,gradient_boosting,17,1,2020,125,63,73,0.821917808219178,0.9523809523809523,0.8823529411764706,0.6657
all-predicted,gradient_boosting,17,1,2050,125,67,79,0.8354430379746836,0.9850746268656716,0.9041095890410958,0.8063
all-predicted,gradient_boosting,17,1,2100,125,71,74,0.9054054054054054,0.9436619718309859,0.9241379310344827,0.7507
all-predicted,independent_stl_nn,17,1,2020,125,63,63,0.8571428571428571,0.8571428571428571,0.8571428571428571,0.4702
all-predicted,independent_stl_nn,17,1,2050,125,67,73,0.8356164383561644,0.9104477611940298,0.8714285714285713,0.3563
all-predicted,independent_stl_nn,17,1,2100,125,71,77,0.8571428571428571,0.9295774647887324,0.8918918918918918,0.3851
all-predicted,random_forest,17,1,2020,125,63,71,0.8450704225352113,0.9523809523809523,0.8955223880597014,0.5531
all-predicted,random_forest,17,1,2050,125,67,82,0.7926829268292683,0.9701492537313433,0.8724832214765101,0.4336
all-predicted,random_forest,17,1,2100,125,71,81,0.8641975308641975,0.9859154929577465,0.9210526315789475,0.5112
all-predicted,shared_mtl_nn,17,1,2020,125,63,74,0.7702702702702703,0.9047619047619048,0.832116788321168,0.3086
all-predicted,shared_mtl_nn,17,1,2050,125,67,79,0.7974683544303798,0.9402985074626866,0.8630136986301371,0.3893
all-predicted,shared_mtl_nn,17,1,2100,125,71,76,0.8552631578947368,0.9154929577464789,0.8843537414965986,0.3189
all-predicted,shared_mtl_nn_mgda,17,1,2020,125,63,77,0.8051948051948052,0.9841269841269841,0.8857142857142857,0.3572
all-predicted,shared_mtl_nn_mgda,17,1,2050,125,67,78,0.8333333333333334,0.9701492537313433,0.896551724137931,0.1851
all-predicted,shared_mtl_nn_mgda,17,1,2100,125,71,74,0.8648648648648649,0.9014084507042254,0.8827586206896552,0.2408
all-predicted,gradient_boosting,17,2,2020,125,68,74,0.8783783783783784,0.9558823529411765,0.9154929577464789,0.5022
all-predicted,gradient_boosting,17,2,2050,125,72,75,0.9466666666666667,0.9861111111111112,0.9659863945578231,0.8322
all-predicted,gradient_boosting,17,2,2100,125,70,74,0.918918918918919,0.9714285714285714,0.9444444444444445,0.7964
all-predicted,independent_stl_nn,17,2,2020,125,68,74,0.8513513513513513,0.9264705882352942,0.8873239436619719,0.156
all-predicted,independent_stl_nn,17,2,2050,125,72,71,0.8732394366197183,0.8611111111111112,0.8671328671328671,0.4769
all-predicted,independent_stl_nn,17,2,2100,125,70,69,0.855072463768116,0.8428571428571429,0.8489208633093526,0.376
all-predicted,random_forest,17,2,2020,125,68,73,0.8767123287671232,0.9411764705882353,0.9078014184397163,0.3791
all-predicted,random_forest,17,2,2050,125,72,76,0.868421052631579,0.9166666666666666,0.8918918918918918,0.6109
all-predicted,random_forest,17,2,2100,125,70,85,0.7647058823529411,0.9285714285714286,0.8387096774193549,0.5978
all-predicted,shared_mtl_nn,17,2,2020,125,68,78,0.8076923076923077,0.9264705882352942,0.863013698630137,0.351
all-predicted,shared_mtl_nn,17,2,2050,125,72,74,0.8918918918918919,0.9166666666666666,0.9041095890410958,0.4025
all-predicted,shared_mtl_nn,17,2,2100,125,70,77,0.8181818181818182,0.9,0.8571428571428572,0.5255
all-predicted,shared_mtl_nn_mgda,17,2,2020,125,68,85,0.7294117647058823,0.9117647058823529,0.8104575163398693,0.2649
all-predicted,shared_mtl_nn_mgda,17,2,2050,125,72,85,0.7764705882352941,0.9166666666666666,0.8407643312101911,0.4201
all-predicted,shared_mtl_nn_mgda,17,2,2100,125,70,86,0.7558139534883721,0.9285714285714286,0.8333333333333334,0.1646
all-predicted,gradient_boosting,17,3,2020,125,72,88,0.7954545454545454,0.9722222222222222,0.875,0.6306
all-predicted,gradient_boosting,17,3,2050,125,73,88,0.7954545454545454,0.958904109589041,0.8695652173913044,0.8229
all-predicted,gradient_boosting,17,3,2100,125,78,86,0.8488372093023255,0.9358974358974359,0.8902439024390244,0.7517
all-predicted,independent_stl_nn,17,3,2020,125,72,83,0.7831325301204819,0.9027777777777778,0.838709677419355,0.4005
all-predicted,independent_stl_nn,17,3,2050,125,73,87,0.7931034482758621,0.9452054794520548,0.8624999999999999,0.5065
all-predicted,independent_stl_nn,17,3,2100,125,78,81,0.8395061728395061,0.8717948717948718,0.8553459119496856,0.4452
all-predicted,random_forest,17,3,2020,125,72,84,0.8214285714285714,0.9583333333333334,0.8846153846153847,0.6187
all-predicted,random_forest,17,3,2050,125,73,90,0.7666666666666667,0.9452054794520548,0.8466257668711656,0.5855
all-predicted,random_forest,17,3,2100,125,78,91,0.7912087912087912,0.9230769230769231,0.8520710059171597,0.6743
all-predicted,shared_mtl_nn,17,3,2020,125,72,90,0.7666666666666667,0.9583333333333334,0.8518518518518519,0.6432
all-predicted,shared_mtl_nn,17,3,2050,125,73,97,0.7319587628865979,0.9726027397260274,0.8352941176470589,0.4363
all-predicted,shared_mtl_nn,17,3,2100,125,78,91,0.8241758241758241,0.9615384615384616,0.8875739644970415,0.4933
all-predicted,shared_mtl_nn_mgda,17,3,2020,125,72,89,0.7415730337078652,0.9166666666666666,0.8198757763975156,0.5894
all-predicted,shared_mtl_nn_mgda,17,3,2050,125,73,96,0.71875,0.9452054794520548,0.8165680473372782,0.3347
all-predicted,shared_mtl_nn_mgda,17,3,2100,125,78,101,0.7524752475247525,0.9743589743589743,0.8491620111731845,0.4845
all-predicted,gradient_boosting,17,4,2020,125,73,76,0.9078947368421053,0.9452054794520548,0.9261744966442953,0.6325
all-predicted,gradient_boosting,17,4,2050,125,80,85,0.8941176470588236,0.95,0.9212121212121211,0.7994
all-predicted,gradient_boosting,17,4,2100,125,78,77,0.948051948051948,0.9358974358974359,0.9419354838709677,0.8109
all-predicted,independent_stl_nn,17,4,2020,125,73,81,0.8765432098765432,0.9726027397260274,0.922077922077922,0.3528
all-predicted,independent_stl_nn,17,4,2050,125,80,86,0.8488372093023255,0.9125,0.8795180722891567,0.4786
all-predicted,independent_stl_nn,17,4,2100,125,78,79,0.8607594936708861,0.8717948717948718,0.8662420382165605,0.5157
all-predicted,random_forest,17,4,2020,125,73,78,0.8589743589743589,0.9178082191780822,0.8874172185430463,0.4451
all-predicted,random_forest,17,4,2050,125,80,91,0.8021978021978022,0.9125,0.8538011695906434,0.3852
all-predicted,random_forest,17,4,2100,125,78,91,0.8131868131868132,0.9487179487179487,0.8757396449704142,0.4304
all-predicted,shared_mtl_nn,17,4,2020,125,73,84,0.7976190476190477,0.9178082191780822,0.8535031847133758,0.3112
all-predicted,shared_mtl_nn,17,4,2050,125,80,90,0.8111111111111111,0.9125,0.8588235294117648,0.5003
all-predicted,shared_mtl_nn,17,4,2100,125,78,80,0.85,0.8717948717948718,0.8607594936708861,0.3714
all-predicted,shared_mtl_nn_mgda,17,4,2020,125,73,83,0.8072289156626506,0.9178082191780822,0.858974358974359,0.3163
all-predicted,shared_mtl_nn_mgda,17,4,2050,125,80,97,0.8041237113402062,0.975,0.8813559322033899,0.4827
all-predicted,shared_mtl_nn_mgda,17,4,2100,125,78,86,0.8604651162790697,0.9487179487179487,0.9024390243902439,0.597
all-predicted,gradient_boosting,17,5,2020,125,69,80,0.8625,1.0,0.9261744966442953,0.7703
all-predicted,gradient_boosting,17,5,2050,125,82,84,0.9166666666666666,0.9390243902439024,0.9277108433734941,0.6025
all-predicted,gradient_boosting,17,5,2100,125,76,86,0.872093023255814,0.9868421052631579,0.925925925925926,0.7492
all-predicted,independent_stl_nn,17,5,2020,125,69,68,0.8823529411764706,0.8695652173913043,0.8759124087591241,0.5172
all-predicted,independent_stl_nn,17,5,2050,125,82,80,0.925,0.9024390243902439,0.9135802469135802,0.2193
all-predicted,independent_stl_nn,17,5,2100,125,76,73,0.8904109589041096,0.8552631578947368,0.8724832214765101,0.2183
all-predicted,random_forest,17,5,2020,125,69,76,0.8552631578947368,0.9420289855072463,0.8965517241379309,0.5833
all-predicted,random_forest,17,5,2050,125,82,88,0.8636363636363636,0.926829268292683,0.8941176470588236,0.2962
all-predicted,random_forest,17,5,2100,125,76,87,0.8275862068965517,0.9473684210526315,0.8834355828220859,0.4391
all-predicted,shared_mtl_nn,17,5,2020,125,69,72,0.8472222222222222,0.8840579710144928,0.8652482269503546,0.1568
all-predicted,shared_mtl_nn,17,5,2050,125,82,77,0.8961038961038961,0.8414634146341463,0.8679245283018868,0.294
all-predicted,shared_mtl_nn,17,5,2100,125,76,72,0.9166666666666666,0.868421052631579,0.8918918918918918,0.3873
all-predicted,shared_mtl_nn_mgda,17,5,2020,125,69,80,0.7875,0.9130434782608695,0.8456375838926175,0.2778
all-predicted,shared_mtl_nn_mgda,17,5,2050,125,82,82,0.8902439024390244,0.8902439024390244,0.8902439024390244,0.1673
all-predicted,shared_mtl_nn_mgda,17,5,2100,125,76,78,0.8461538461538461,0.868421052631579,0.8571428571428572,0.2952
all-predicted,gradient_boosting,29,1,2020,125,67,76,0.8552631578947368,0.9701492537313433,0.9090909090909092,0.7204
all-predicted,gradient_boosting,29,1,2050,125,77,80,0.9,0.935064935064935,0.9171974522292993,0.8141
all-predicted,gradient_boosting,29,1,2100,125,74,77,0.9090909090909091,0.9459459459459459,0.9271523178807948,0.7875
all-predicted,independent_stl_nn,29,1,2020,125,67,69,0.8840579710144928,0.9104477611940298,0.8970588235294118,0.7057
all-predicted,independent_stl_nn,29,1,2050,125,77,77,0.8831168831168831,0.8831168831168831,0.8831168831168831,0.5478
all-predicted,independent_stl_nn,29,1,2100,125,74,76,0.881578947368421,0.9054054054054054,0.8933333333333332,0.4334
all-predicted,random_forest,29,1,2020,125,67,74,0.8378378378378378,0.9253731343283582,0.8794326241134752,0.6578
all-predicted,random_forest,29,1,2050,125,77,83,0.8554216867469879,0.922077922077922,0.8875,0.5424
all-predicted,random_forest,29,1,2100,125,74,81,0.8518518518518519,0.9324324324324325,0.8903225806451613,0.5816
all-predicted,shared_mtl_nn,29,1,2020,125,67,66,0.8636363636363636,0.8507462686567164,0.8571428571428571,0.6057
all-predicted,shared_mtl_nn,29,1,2050,125,77,79,0.8481012658227848,0.8701298701298701,0.8589743589743589,0.5717
all-predicted,shared_mtl_nn,29,1,2100,125,74,79,0.8607594936708861,0.918918918918919,0.8888888888888888,0.5612
all-predicted,shared_mtl_nn_mgda,29,1,2020,125,67,75,0.84,0.9402985074626866,0.8873239436619718,0.6465
all-predicted,shared_mtl_nn_mgda,29,1,2050,125,77,85,0.8117647058823529,0.8961038961038961,0.8518518518518517,0.4502
all-predicted,shared_mtl_nn_mgda,29,1,2100,125,74,79,0.8607594936708861,0.918918918918919,0.8888888888888888,0.3114
all-predicted,gradient_boosting,29,2,2020,125,70,80,0.825,0.9428571428571428,0.88,0.3821
all-predicted,gradient_boosting,29,2,2050,125,76,82,0.8780487804878049,0.9473684210526315,0.9113924050632912,0.6923
all-predicted,gradient_boosting,29,2,2100,125,79,86,0.8837209302325582,0.9620253164556962,0.9212121212121213,0.6312
all-predicted,independent_stl_nn,29,2,2020,125,70,72,0.8055555555555556,0.8285714285714286,0.8169014084507044,0.2204
all-predicted,independent_stl_nn,29,2,2050,125,76,75,0.88,0.868421052631579,0.8741721854304636,0.432
all-predicted,independent_stl_nn,29,2,2100,125,79,77,0.9090909090909091,0.8860759493670886,0.8974358974358974,0.412
all-predicted,random_forest,29,2,2020,125,70,78,0.8589743589743589,0.9571428571428572,0.9054054054054054,0.4558
all-predicted,random_forest,29,2,2050,125,76,85,0.8235294117647058,0.9210526315789473,0.8695652173913043,0.2527
all-predicted,random_forest,29,2,2100,125,79,89,0.8426966292134831,0.9493670886075949,0.8928571428571428,0.4837
all-predicted,shared_mtl_nn,29,2,2020,125,70,74,0.8648648648648649,0.9142857142857143,0.888888888888889,0.5183
all-predicted,shared_mtl_nn,29,2,2050,125,76,82,0.8170731707317073,0.881578947368421,0.8481012658227848,0.3118
all-predicted,shared_mtl_nn,29,2,2100,125,79,77,0.8571428571428571,0.8354430379746836,0.846153846153846,0.2753
all-predicted,shared_mtl_nn_mgda,29,2,2020,125,70,87,0.7471264367816092,0.9285714285714286,0.8280254777070064,0.4068
all-predicted,shared_mtl_nn_mgda,29,2,2050,125,76,92,0.8043478260869565,0.9736842105263158,0.8809523809523809,0.2653
all-predicted,shared_mtl_nn_mgda,29,2,2100,125,79,89,0.8314606741573034,0.9367088607594937,0.880952380952381,0.2155
all-predicted,gradient_boosting,29,3,2020,125,67,75,0.8666666666666667,0.9701492537313433,0.915492957746479,0.7797
all-predicted,gradient_boosting,29,3,2050,125,75,85,0.8470588235294118,0.96,0.8999999999999999,0.8413
all-predicted,gradient_boosting,29,3,2100,125,76,78,0.9358974358974359,0.9605263157894737,0.948051948051948,0.81
all-predicted,independent_stl_nn,29,3,2020,125,67,72,0.8472222222222222,0.9104477611940298,0.8776978417266188,0.5821
all-predicted,independent_stl_nn,29,3,2050,125,75,84,0.8214285714285714,0.92,0.8679245283018867,0.3678
all-predicted,independent_stl_nn,29,3,2100,125,76,85,0.8823529411764706,0.9868421052631579,0.9316770186335402,0.4936
all-predicted,random_forest,29,3,2020,125,67,75,0.8666666666666667,0.9701492537313433,0.915492957746479,0.7005
all-predicted,random_forest,29,3,2050,125,75,87,0.8275862068965517,0.96,0.888888888888889,0.451
all-predicted,random_forest,29,3,2100,125,76,85,0.8470588235294118,0.9473684210526315,0.8944099378881987,0.5461
all-predicted,shared_mtl_nn,29,3,2020,125,67,80,0.75,0.8955223880597015,0.816326530612245,0.3129
all-predicted,shared_mtl_nn,29,3,2050,125,75,82,0.8536585365853658,0.9333333333333333,0.8917197452229298,0.3068
all-predicted,shared_mtl_nn,29,3,2100,125,76,80,0.8125,0.8552631578947368,0.8333333333333334,0.3972
all-predicted,shared_mtl_nn_mgda,29,3,2020,125,67,88,0.7386363636363636,0.9701492537313433,0.8387096774193549,0.6026
all-predicted,shared_mtl_nn_mgda,29,3,2050,125,75,87,0.8275862068965517,0.96,0.888888888888889,0.4985
all-predicted,shared_mtl_nn_mgda,29,3,2100,125,76,90,0.8,0.9473684210526315,0.8674698795180723,0.3462
all-predicted,gradient_boosting,29,4,2020,125,69,78,0.8333333333333334,0.9420289855072463,0.8843537414965987,0.7981
all-predicted,gradient_boosting,29,4,2050,125,80,83,0.9036144578313253,0.9375,0.920245398773006,0.7471
all-predicted,gradient_boosting,29,4,2100,125,80,81,0.9259259259259259,0.9375,0.9316770186335404,0.7417
all-predicted,independent_stl_nn,29,4,2020,125,69,78,0.7692307692307693,0.8695652173913043,0.8163265306122449,0.1786
all-predicted,independent_stl_nn,29,4,2050,125,80,77,0.8571428571428571,0.825,0.8407643312101911,0.5531
all-predicted,independent_stl_nn,29,4,2100,125,80,74,0.8648648648648649,0.8,0.8311688311688312,0.471
all-predicted,random_forest,29,4,2020,125,69,81,0.7777777777777778,0.9130434782608695,0.84,0.7253
all-predicted,random_forest,29,4,2050,125,80,91,0.8021978021978022,0.9125,0.8538011695906434,0.5379
all-predicted,random_forest,29,4,2100,125,80,90,0.8222222222222222,0.925,0.8705882352941177,0.5837
all-predicted,shared_mtl_nn,29,4,2020,125,69,88,0.7272727272727273,0.927536231884058,0.8152866242038217,0.1387
all-predicted,shared_mtl_nn,29,4,2050,125,80,92,0.7934782608695652,0.9125,0.8488372093023255,0.2886
all-predicted,shared_mtl_nn,29,4,2100,125,80,88,0.7840909090909091,0.8625,0.8214285714285715,0.3285
all-predicted,shared_mtl_nn_mgda,29,4,2020,125,69,87,0.7126436781609196,0.8985507246376812,0.7948717948717949,0.5726
all-predicted,shared_mtl_nn_mgda,29,4,2050,125,80,101,0.7920792079207921,1.0,0.8839779005524863,0.6359
all-predicted,shared_mtl_nn_mgda,29,4,2100,125,80,89,0.797752808988764,0.8875,0.8402366863905325,0.5168
all-predicted,gradient_boosting,29,5,2020,125,60,66,0.8939393939393939,0.9833333333333333,0.9365079365079364,0.8437
all-predicted,gradient_boosting,29,5,2050,125,71,73,0.9178082191780822,0.9436619718309859,0.9305555555555556,0.9014
all-predicted,gradient_boosting,29,5,2100,125,69,72,0.8888888888888888,0.927536231884058,0.9078014184397163,0.8483
all-predicted,independent_stl_nn,29,5,2020,125,60,70,0.8,0.9333333333333333,0.8615384615384616,0.1531
all-predicted,independent_stl_nn,29,5,2050,125,71,78,0.8333333333333334,0.9154929577464789,0.87248322147651,0.4286
all-predicted,independent_stl_nn,29,5,2100,125,69,69,0.8405797101449275,0.8405797101449275,0.8405797101449275,0.3651
all-predicted,random_forest,29,5,2020,125,60,68,0.8676470588235294,0.9833333333333333,0.9218749999999999,0.6871
all-predicted,random_forest,29,5,2050,125,71,81,0.8271604938271605,0.9436619718309859,0.8815789473684211,0.7848
all-predicted,random_forest,29,5,2100,125,69,79,0.8227848101265823,0.9420289855072463,0.8783783783783783,0.7167
all-predicted,shared_mtl_nn,29,5,2020,125,60,68,0.8382352941176471,0.95,0.890625,0.2115
all-predicted,shared_mtl_nn,29,5,2050,125,71,76,0.8421052631578947,0.9014084507042254,0.8707482993197279,0.701
all-predicted,shared_mtl_nn,29,5,2100,125,69,73,0.821917808219178,0.8695652173913043,0.8450704225352113,0.6815
all-predicted,shared_mtl_nn_mgda,29,5,2020,125,60,75,0.7333333333333333,0.9166666666666666,0.8148148148148148,0.1214
all-predicted,shared_mtl_nn_mgda,29,5,2050,125,71,85,0.7764705882352941,0.9295774647887324,0.8461538461538461,0.469
all-predicted,shared_mtl_nn_mgda,29,5,2100,125,69,78,0.7692307692307693,0.8695652173913043,0.8163265306122449,0.2419
all-predicted,gradient_boosting,43,1,2020,125,64,75,0.8266666666666667,0.96875,0.8920863309352518,0.6404
all-predicted,gradient_boosting,43,1,2050,125,72,85,0.8352941176470589,0.9861111111111112,0.9044585987261147,0.8083
all-predicted,gradient_boosting,43,1,2100,125,76,79,0.9113924050632911,0.9473684210526315,0.9290322580645162,0.7948
all-predicted,independent_stl_nn,43,1,2020,125,64,87,0.7126436781609196,0.96875,0.8211920529801324,0.3398
all-predicted,independent_stl_nn,43,1,2050,125,72,92,0.7282608695652174,0.9305555555555556,0.8170731707317073,0.5415
all-predicted,independent_stl_nn,43,1,2100,125,76,89,0.7640449438202247,0.8947368421052632,0.8242424242424243,0.5601
all-predicted,random_forest,43,1,2020,125,64,75,0.8,0.9375,0.8633093525179856,0.318
all-predicted,random_forest,43,1,2050,125,72,81,0.8765432098765432,0.9861111111111112,0.9281045751633987,0.4459
all-predicted,random_forest,43,1,2100,125,76,85,0.8,0.8947368421052632,0.84472049689441,0.5408
all-predicted,shared_mtl_nn,43,1,2020,125,64,84,0.6904761904761905,0.90625,0.7837837837837837,0.388
all-predicted,shared_mtl_nn,43,1,2050,125,72,89,0.7303370786516854,0.9027777777777778,0.8074534161490682,0.291
all-predicted,shared_mtl_nn,43,1,2100,125,76,84,0.7857142857142857,0.868421052631579,0.825,0.2322
all-predicted,shared_mtl_nn_mgda,43,1,2020,125,64,83,0.7228915662650602,0.9375,0.8163265306122448,0.2562
all-predicted,shared_mtl_nn_mgda,43,1,2050,125,72,94,0.7446808510638298,0.9722222222222222,0.8433734939759036,0.2394
all-predicted,shared_mtl_nn_mgda,43,1,2100,125,76,92,0.7608695652173914,0.9210526315789473,0.8333333333333333,0.2573
all-predicted,gradient_boosting,43,2,2020,125,69,84,0.8214285714285714,1.0,0.9019607843137255,0.4977
all-predicted,gradient_boosting,43,2,2050,125,83,90,0.9222222222222223,1.0,0.9595375722543353,0.6585
all-predicted,gradient_boosting,43,2,2100,125,83,85,0.9294117647058824,0.9518072289156626,0.9404761904761904,0.52
all-predicted,independent_stl_nn,43,2,2020,125,69,78,0.7948717948717948,0.8985507246376812,0.8435374149659864,0.4385
all-predicted,independent_stl_nn,43,2,2050,125,83,84,0.8452380952380952,0.8554216867469879,0.8502994011976047,0.418
all-predicted,independent_stl_nn,43,2,2100,125,83,89,0.8426966292134831,0.9036144578313253,0.8720930232558138,0.4032
all-predicted,random_forest,43,2,2020,125,69,78,0.8205128205128205,0.927536231884058,0.870748299319728,0.4096
all-predicted,random_forest,43,2,2050,125,83,91,0.8461538461538461,0.927710843373494,0.8850574712643677,0.5123
all-predicted,random_forest,43,2,2100,125,83,87,0.8160919540229885,0.8554216867469879,0.8352941176470587,0.6092
all-predicted,shared_mtl_nn,43,2,2020,125,69,79,0.7974683544303798,0.9130434782608695,0.8513513513513514,0.191
all-predicted,shared_mtl_nn,43,2,2050,125,83,94,0.8085106382978723,0.9156626506024096,0.8587570621468926,0.4606
all-predicted,shared_mtl_nn,43,2,2100,125,83,84,0.8809523809523809,0.891566265060241,0.8862275449101796,0.2595
all-predicted,shared_mtl_nn_mgda,43,2,2020,125,69,89,0.7415730337078652,0.9565217391304348,0.8354430379746837,0.481
all-predicted,shared_mtl_nn_mgda,43,2,2050,125,83,95,0.8,0.9156626506024096,0.8539325842696628,0.4012
all-predicted,shared_mtl_nn_mgda,43,2,2100,125,83,101,0.7821782178217822,0.9518072289156626,0.858695652173913,0.4022
all-predicted,gradient_boosting,43,3,2020,125,75,78,0.8974358974358975,0.9333333333333333,0.9150326797385621,0.614
all-predicted,gradient_boosting,43,3,2050,125,83,84,0.9285714285714286,0.9397590361445783,0.9341317365269461,0.5241
all-predicted,gradient_boosting,43,3,2100,125,87,89,0.898876404494382,0.9195402298850575,0.9090909090909091,0.5927
all-predicted,independent_stl_nn,43,3,2020,125,75,79,0.8607594936708861,0.9066666666666666,0.8831168831168831,0.5889
all-predicted,independent_stl_nn,43,3,2050,125,83,78,0.9230769230769231,0.8674698795180723,0.8944099378881989,0.5939
all-predicted,independent_stl_nn,43,3,2100,125,87,89,0.898876404494382,0.9195402298850575,0.9090909090909091,0.4528
all-predicted,random_forest,43,3,2020,125,75,85,0.8352941176470589,0.9466666666666667,0.8875,0.5082
all-predicted,random_forest,43,3,2050,125,83,89,0.8764044943820225,0.9397590361445783,0.9069767441860466,0.4613
all-predicted,random_forest,43,3,2100,125,87,86,0.9186046511627907,0.9080459770114943,0.9132947976878613,0.4933
all-predicted,shared_mtl_nn,43,3,2020,125,75,82,0.8292682926829268,0.9066666666666666,0.8662420382165605,0.7021
all-predicted,shared_mtl_nn,43,3,2050,125,83,94,0.851063829787234,0.963855421686747,0.903954802259887,0.5916
all-predicted,shared_mtl_nn,43,3,2100,125,87,92,0.8804347826086957,0.9310344827586207,0.9050279329608939,0.6224
all-predicted,shared_mtl_nn_mgda,43,3,2020,125,75,90,0.7777777777777778,0.9333333333333333,0.8484848484848485,0.1226
all-predicted,shared_mtl_nn_mgda,43,3,2050,125,83,96,0.8229166666666666,0.9518072289156626,0.88268156424581,0.5739
all-predicted,shared_mtl_nn_mgda,43,3,2100,125,87,95,0.8421052631578947,0.9195402298850575,0.879120879120879,0.4402
all-predicted,gradient_boosting,43,4,2020,125,65,77,0.8441558441558441,1.0,0.9154929577464789,0.7194
all-predicted,gradient_boosting,43,4,2050,125,71,78,0.9102564102564102,1.0,0.953020134228188,0.7462
all-predicted,gradient_boosting,43,4,2100,125,78,82,0.926829268292683,0.9743589743589743,0.9500000000000001,0.803
all-predicted,independent_stl_nn,43,4,2020,125,65,70,0.8428571428571429,0.9076923076923077,0.8740740740740741,0.5882
all-predicted,independent_stl_nn,43,4,2050,125,71,79,0.8481012658227848,0.9436619718309859,0.8933333333333333,0.3305
all-predicted,independent_stl_nn,43,4,2100,125,78,76,0.8552631578947368,0.8333333333333334,0.8441558441558442,0.4555
all-predicted,random_forest,43,4,2020,125,65,74,0.8243243243243243,0.9384615384615385,0.8776978417266187,0.7273
all-predicted,random_forest,43,4,2050,125,71,84,0.8095238095238095,0.9577464788732394,0.8774193548387098,0.4474
all-predicted,random_forest,43,4,2100,125,78,80,0.9,0.9230769230769231,0.9113924050632911,0.6169
all-predicted,shared_mtl_nn,43,4,2020,125,65,73,0.821917808219178,0.9230769230769231,0.8695652173913043,0.5081
all-predicted,shared_mtl_nn,43,4,2050,125,71,79,0.8481012658227848,0.9436619718309859,0.8933333333333333,0.2731
all-predicted,shared_mtl_nn,43,4,2100,125,78,76,0.9078947368421053,0.8846153846153846,0.8961038961038961,0.2449
all-predicted,shared_mtl_nn_mgda,43,4,2020,125,65,76,0.7763157894736842,0.9076923076923077,0.8368794326241134,0.6163
all-predicted,shared_mtl_nn_mgda,43,4,2050,125,71,77,0.7792207792207793,0.8450704225352113,0.8108108108108109,0.3733
all-predicted,shared_mtl_nn_mgda,43,4,2100,125,78,78,0.8974358974358975,0.8974358974358975,0.8974358974358975,0.3425
all-predicted,gradient_boosting,43,5,2020,125,66,75,0.8266666666666667,0.9393939393939394,0.8794326241134751,0.7698
all-predicted,gradient_boosting,43,5,2050,125,79,80,0.9375,0.9493670886075949,0.9433962264150944,0.7367
all-predicted,gradient_boosting,43,5,2100,125,81,80,0.925,0.9135802469135802,0.9192546583850932,0.7667
all-predicted,independent_stl_nn,43,5,2020,125,66,67,0.7910447761194029,0.803030303030303,0.7969924812030075,0.2488
all-predicted,independent_stl_nn,43,5,2050,125,79,82,0.8292682926829268,0.8607594936708861,0.8447204968944099,0.4145
all-predicted,independent_stl_nn,43,5,2100,125,81,80,0.8625,0.8518518518518519,0.8571428571428572,0.3377
all-predicted,random_forest,43,5,2020,125,66,78,0.8076923076923077,0.9545454545454546,0.875,0.3848
all-predicted,random_forest,43,5,2050,125,79,84,0.8571428571428571,0.9113924050632911,0.8834355828220858,0.426
all-predicted,random_forest,43,5,2100,125,81,84,0.8571428571428571,0.8888888888888888,0.8727272727272727,0.3218
all-predicted,shared_mtl_nn,43,5,2020,125,66,80,0.7625,0.9242424242424242,0.8356164383561645,0.2918
all-predicted,shared_mtl_nn,43,5,2050,125,79,80,0.8625,0.8734177215189873,0.8679245283018868,0.4281
all-predicted,shared_mtl_nn,43,5,2100,125,81,86,0.8372093023255814,0.8888888888888888,0.8622754491017963,0.3801
all-predicted,shared_mtl_nn_mgda,43,5,2020,125,66,81,0.7530864197530864,0.9242424242424242,0.8299319727891157,0.4539
all-predicted,shared_mtl_nn_mgda,43,5,2050,125,79,87,0.8275862068965517,0.9113924050632911,0.8674698795180723,0.3691
all-predicted,shared_mtl_nn_mgda,43,5,2100,125,81,81,0.8641975308641975,0.8641975308641975,0.8641975308641975,0.3288
exact-index,gradient_boosting,17,1,2020,125,63,67,0.9253731343283582,0.9841269841269841,0.9538461538461538,0.7513
exact-index,gradient_boosting,17,1,2050,125,67,74,0.9054054054054054,1.0,0.950354609929078,0.8499
exact-index,gradient_boosting,17,1,2100,125,71,71,0.971830985915493,0.971830985915493,0.971830985915493,0.8033
exact-index,independent_stl_nn,17,1,2020,125,63,69,0.8985507246376812,0.9841269841269841,0.9393939393939393,0.7841
exact-index,independent_stl_nn,17,1,2050,125,67,69,0.9710144927536232,1.0,0.9852941176470589,0.8382
exact-index,independent_stl_nn,17,1,2100,125,71,75,0.9333333333333333,0.9859154929577465,0.9589041095890412,0.7786
exact-index,random_forest,17,1,2020,125,63,67,0.9402985074626866,1.0,0.9692307692307692,0.6815
exact-index,random_forest,17,1,2050,125,67,70,0.9428571428571428,0.9850746268656716,0.9635036496350364,0.8297
exact-index,random_forest,17,1,2100,125,71,77,0.922077922077922,1.0,0.9594594594594594,0.8119
exact-index,shared_mtl_nn,17,1,2020,125,63,72,0.875,1.0,0.9333333333333333,0.7477
exact-index,shared_mtl_nn,17,1,2050,125,67,75,0.8933333333333333,1.0,0.9436619718309859,0.7958
exact-index,shared_mtl_nn,17,1,2100,125,71,71,0.971830985915493,0.971830985915493,0.971830985915493,0.7961
exact-index,shared_mtl_nn_mgda,17,1,2020,125,63,71,0.8873239436619719,1.0,0.9402985074626865,0.607
exact-index,shared_mtl_nn_mgda,17,1,2050,125,67,74,0.9054054054054054,1.0,0.950354609929078,0.8293
exact-index,shared_mtl_nn_mgda,17,1,2100,125,71,73,0.9452054794520548,0.971830985915493,0.9583333333333334,0.7847
exact-index,gradient_boosting,17,2,2020,125,68,77,0.8831168831168831,1.0,0.9379310344827586,0.5352
exact-index,gradient_boosting,17,2,2050,125,72,74,0.9594594594594594,0.9861111111111112,0.9726027397260274,0.8836
exact-index,gradient_boosting,17,2,2100,125,70,74,0.9459459459459459,1.0,0.9722222222222222,0.8304
exact-index,independent_stl_nn,17,2,2020,125,68,75,0.8933333333333333,0.9852941176470589,0.9370629370629371,0.5198
exact-index,independent_stl_nn,17,2,2050,125,72,76,0.9342105263157895,0.9861111111111112,0.9594594594594595,0.8417
exact-index,independent_stl_nn,17,2,2100,125,70,74,0.9459459459459459,1.0,0.9722222222222222,0.7955
exact-index,random_forest,17,2,2020,125,68,68,0.9264705882352942,0.9264705882352942,0.9264705882352942,0.5302
exact-index,random_forest,17,2,2050,125,72,74,0.9324324324324325,0.9583333333333334,0.9452054794520548,0.8505
exact-index,random_forest,17,2,2100,125,70,79,0.8734177215189873,0.9857142857142858,0.9261744966442954,0.8185
exact-index,shared_mtl_nn,17,2,2020,125,68,84,0.8095238095238095,1.0,0.8947368421052632,0.6227
exact-index,shared_mtl_nn,17,2,2050,125,72,79,0.9113924050632911,1.0,0.9536423841059603,0.8473
exact-index,shared_mtl_nn,17,2,2100,125,70,72,0.9583333333333334,0.9857142857142858,0.971830985915493,0.8525
exact-index,shared_mtl_nn_mgda,17,2,2020,125,68,74,0.8918918918918919,0.9705882352941176,0.9295774647887325,0.6716
exact-index,shared_mtl_nn_mgda,17,2,2050,125,72,75,0.9333333333333333,0.9722222222222222,0.9523809523809524,0.84
exact-index,shared_mtl_nn_mgda,17,2,2100,125,70,72,0.9583333333333334,0.9857142857142858,0.971830985915493,0.8255
exact-index,gradient_boosting,17,3,2020,125,72,87,0.8045977011494253,0.9722222222222222,0.8805031446540881,0.6687
exact-index,gradient_boosting,17,3,2050,125,73,87,0.8045977011494253,0.958904109589041,0.875,0.8667
exact-index,gradient_boosting,17,3,2100,125,78,83,0.8554216867469879,0.9102564102564102,0.8819875776397516,0.788
exact-index,independent_stl_nn,17,3,2020,125,72,84,0.8452380952380952,0.9861111111111112,0.9102564102564102,0.4045
exact-index,independent_stl_nn,17,3,2050,125,73,82,0.8536585365853658,0.958904109589041,0.9032258064516128,0.8943
exact-index,independent_stl_nn,17,3,2100,125,78,78,0.8974358974358975,0.8974358974358975,0.8974358974358975,0.8933
exact-index,random_forest,17,3,2020,125,72,77,0.8831168831168831,0.9444444444444444,0.912751677852349,0.6245
exact-index,random_forest,17,3,2050,125,73,82,0.8292682926829268,0.9315068493150684,0.8774193548387096,0.7916
exact-index,random_forest,17,3,2100,125,78,81,0.8888888888888888,0.9230769230769231,0.9056603773584906,0.7468
exact-index,shared_mtl_nn,17,3,2020,125,72,75,0.8933333333333333,0.9305555555555556,0.9115646258503401,0.6395
exact-index,shared_mtl_nn,17,3,2050,125,73,81,0.8518518518518519,0.9452054794520548,0.8961038961038961,0.9082
exact-index,shared_mtl_nn,17,3,2100,125,78,81,0.8888888888888888,0.9230769230769231,0.9056603773584906,0.8557
exact-index,shared_mtl_nn_mgda,17,3,2020,125,72,76,0.8947368421052632,0.9444444444444444,0.918918918918919,0.8616
exact-index,shared_mtl_nn_mgda,17,3,2050,125,73,79,0.8734177215189873,0.9452054794520548,0.9078947368421053,0.8631
exact-index,shared_mtl_nn_mgda,17,3,2100,125,78,84,0.8571428571428571,0.9230769230769231,0.888888888888889,0.8681
exact-index,gradient_boosting,17,4,2020,125,73,75,0.9466666666666667,0.9726027397260274,0.9594594594594594,0.7126
exact-index,gradient_boosting,17,4,2050,125,80,83,0.927710843373494,0.9625,0.9447852760736196,0.7912
exact-index,gradient_boosting,17,4,2100,125,78,79,0.9493670886075949,0.9615384615384616,0.9554140127388535,0.8611
exact-index,independent_stl_nn,17,4,2020,125,73,79,0.9113924050632911,0.9863013698630136,0.9473684210526315,0.6442
exact-index,independent_stl_nn,17,4,2050,125,80,86,0.9186046511627907,0.9875,0.9518072289156626,0.877
exact-index,independent_stl_nn,17,4,2100,125,78,75,0.9866666666666667,0.9487179487179487,0.9673202614379085,0.8004
exact-index,random_forest,17,4,2020,125,73,75,0.9333333333333333,0.958904109589041,0.9459459459459458,0.6645
exact-index,random_forest,17,4,2050,125,80,88,0.8863636363636364,0.975,0.9285714285714285,0.6609
exact-index,random_forest,17,4,2100,125,78,88,0.8522727272727273,0.9615384615384616,0.9036144578313254,0.6545
exact-index,shared_mtl_nn,17,4,2020,125,73,79,0.9113924050632911,0.9863013698630136,0.9473684210526315,0.5796
exact-index,shared_mtl_nn,17,4,2050,125,80,82,0.9390243902439024,0.9625,0.9506172839506174,0.7902
exact-index,shared_mtl_nn,17,4,2100,125,78,75,0.96,0.9230769230769231,0.9411764705882353,0.8338
exact-index,shared_mtl_nn_mgda,17,4,2020,125,73,74,0.9594594594594594,0.9726027397260274,0.9659863945578231,0.713
exact-index,shared_mtl_nn_mgda,17,4,2050,125,80,87,0.9080459770114943,0.9875,0.9461077844311377,0.8078
exact-index,shared_mtl_nn_mgda,17,4,2100,125,78,74,0.9864864864864865,0.9358974358974359,0.9605263157894737,0.8378
exact-index,gradient_boosting,17,5,2020,125,69,78,0.8717948717948718,0.9855072463768116,0.9251700680272109,0.767
exact-index,gradient_boosting,17,5,2050,125,82,82,0.9390243902439024,0.9390243902439024,0.9390243902439024,0.6453
exact-index,gradient_boosting,17,5,2100,125,76,83,0.9036144578313253,0.9868421052631579,0.9433962264150944,0.7872
exact-index,independent_stl_nn,17,5,2020,125,69,76,0.8947368421052632,0.9855072463768116,0.9379310344827586,0.6836
exact-index,independent_stl_nn,17,5,2050,125,82,84,0.9523809523809523,0.975609756097561,0.963855421686747,0.7589
exact-index,independent_stl_nn,17,5,2100,125,76,78,0.9487179487179487,0.9736842105263158,0.9610389610389611,0.6908
exact-index,random_forest,17,5,2020,125,69,72,0.9166666666666666,0.9565217391304348,0.9361702127659574,0.642
exact-index,random_forest,17,5,2050,125,82,84,0.9285714285714286,0.9512195121951219,0.9397590361445782,0.4956
exact-index,random_forest,17,5,2100,125,76,84,0.8690476190476191,0.9605263157894737,0.9125000000000001,0.5356
exact-index,shared_mtl_nn,17,5,2020,125,69,73,0.9452054794520548,1.0,0.971830985915493,0.5086
exact-index,shared_mtl_nn,17,5,2050,125,82,84,0.9404761904761905,0.9634146341463414,0.9518072289156626,0.7133
exact-index,shared_mtl_nn,17,5,2100,125,76,80,0.925,0.9736842105263158,0.9487179487179489,0.5686
exact-index,shared_mtl_nn_mgda,17,5,2020,125,69,75,0.8933333333333333,0.9710144927536232,0.9305555555555556,0.4122
exact-index,shared_mtl_nn_mgda,17,5,2050,125,82,88,0.9090909090909091,0.975609756097561,0.9411764705882352,0.759
exact-index,shared_mtl_nn_mgda,17,5,2100,125,76,79,0.9240506329113924,0.9605263157894737,0.9419354838709677,0.572
exact-index,gradient_boosting,29,1,2020,125,67,74,0.8918918918918919,0.9850746268656716,0.9361702127659575,0.7939
exact-index,gradient_boosting,29,1,2050,125,77,77,0.935064935064935,0.935064935064935,0.935064935064935,0.8679
exact-index,gradient_boosting,29,1,2100,125,74,74,0.918918918918919,0.918918918918919,0.918918918918919,0.8001
exact-index,independent_stl_nn,29,1,2020,125,67,74,0.8918918918918919,0.9850746268656716,0.9361702127659575,0.8265
exact-index,independent_stl_nn,29,1,2050,125,77,81,0.9259259259259259,0.974025974025974,0.949367088607595,0.8777
exact-index,independent_stl_nn,29,1,2100,125,74,79,0.8987341772151899,0.9594594594594594,0.9281045751633986,0.8252
exact-index,random_forest,29,1,2020,125,67,69,0.9420289855072463,0.9701492537313433,0.9558823529411764,0.7693
exact-index,random_forest,29,1,2050,125,77,77,0.8961038961038961,0.8961038961038961,0.8961038961038962,0.8667
exact-index,random_forest,29,1,2100,125,74,75,0.92,0.9324324324324325,0.9261744966442953,0.7924
exact-index,shared_mtl_nn,29,1,2020,125,67,75,0.88,0.9850746268656716,0.9295774647887323,0.7348
exact-index,shared_mtl_nn,29,1,2050,125,77,85,0.8588235294117647,0.948051948051948,0.9012345679012346,0.8692
exact-index,shared_mtl_nn,29,1,2100,125,74,78,0.9102564102564102,0.9594594594594594,0.9342105263157894,0.7784
exact-index,shared_mtl_nn_mgda,29,1,2020,125,67,75,0.8933333333333333,1.0,0.9436619718309859,0.7837
exact-index,shared_mtl_nn_mgda,29,1,2050,125,77,81,0.9135802469135802,0.961038961038961,0.9367088607594937,0.7883
exact-index,shared_mtl_nn_mgda,29,1,2100,125,74,77,0.922077922077922,0.9594594594594594,0.9403973509933775,0.8178
exact-index,gradient_boosting,29,2,2020,125,70,78,0.8589743589743589,0.9571428571428572,0.9054054054054054,0.409
exact-index,gradient_boosting,29,2,2050,125,76,82,0.8902439024390244,0.9605263157894737,0.9240506329113923,0.761
exact-index,gradient_boosting,29,2,2100,125,79,85,0.9176470588235294,0.9873417721518988,0.9512195121951219,0.7002
exact-index,independent_stl_nn,29,2,2020,125,70,82,0.8414634146341463,0.9857142857142858,0.9078947368421053,0.2786
exact-index,independent_stl_nn,29,2,2050,125,76,81,0.9259259259259259,0.9868421052631579,0.9554140127388535,0.678
exact-index,independent_stl_nn,29,2,2100,125,79,83,0.9397590361445783,0.9873417721518988,0.962962962962963,0.7809
exact-index,random_forest,29,2,2020,125,70,70,0.9285714285714286,0.9285714285714286,0.9285714285714286,0.3652
exact-index,random_forest,29,2,2050,125,76,74,0.918918918918919,0.8947368421052632,0.9066666666666667,0.7746
exact-index,random_forest,29,2,2100,125,79,81,0.9506172839506173,0.9746835443037974,0.9625,0.7778
exact-index,shared_mtl_nn,29,2,2020,125,70,79,0.8734177215189873,0.9857142857142858,0.9261744966442954,0.71
exact-index,shared_mtl_nn,29,2,2050,125,76,81,0.9259259259259259,0.9868421052631579,0.9554140127388535,0.7173
exact-index,shared_mtl_nn,29,2,2100,125,79,82,0.9390243902439024,0.9746835443037974,0.9565217391304348,0.6893
exact-index,shared_mtl_nn_mgda,29,2,2020,125,70,79,0.8860759493670886,1.0,0.9395973154362416,0.6315
exact-index,shared_mtl_nn_mgda,29,2,2050,125,76,78,0.9230769230769231,0.9473684210526315,0.935064935064935,0.7506
exact-index,shared_mtl_nn_mgda,29,2,2100,125,79,80,0.95,0.9620253164556962,0.9559748427672956,0.7255
exact-index,gradient_boosting,29,3,2020,125,67,75,0.88,0.9850746268656716,0.9295774647887323,0.8457
exact-index,gradient_boosting,29,3,2050,125,75,83,0.8795180722891566,0.9733333333333334,0.9240506329113923,0.8319
exact-index,gradient_boosting,29,3,2100,125,76,72,0.9583333333333334,0.9078947368421053,0.9324324324324325,0.8661
exact-index,independent_stl_nn,29,3,2020,125,67,75,0.8933333333333333,1.0,0.9436619718309859,0.8618
exact-index,independent_stl_nn,29,3,2050,125,75,80,0.875,0.9333333333333333,0.9032258064516129,0.8378
exact-index,independent_stl_nn,29,3,2100,125,76,78,0.9615384615384616,0.9868421052631579,0.974025974025974,0.8481
exact-index,random_forest,29,3,2020,125,67,71,0.9154929577464789,0.9701492537313433,0.9420289855072463,0.8266
exact-index,random_forest,29,3,2050,125,75,87,0.8390804597701149,0.9733333333333334,0.9012345679012346,0.7417
exact-index,random_forest,29,3,2100,125,76,81,0.9135802469135802,0.9736842105263158,0.9426751592356688,0.7554
exact-index,shared_mtl_nn,29,3,2020,125,67,78,0.8589743589743589,1.0,0.9241379310344827,0.809
exact-index,shared_mtl_nn,29,3,2050,125,75,78,0.8974358974358975,0.9333333333333333,0.9150326797385621,0.8061
exact-index,shared_mtl_nn,29,3,2100,125,76,78,0.9743589743589743,1.0,0.9870129870129869,0.7916
exact-index,shared_mtl_nn_mgda,29,3,2020,125,67,73,0.9178082191780822,1.0,0.9571428571428571,0.8263
exact-index,shared_mtl_nn_mgda,29,3,2050,125,75,79,0.9240506329113924,0.9733333333333334,0.948051948051948,0.8248
exact-index,shared_mtl_nn_mgda,29,3,2100,125,76,75,0.9866666666666667,0.9736842105263158,0.9801324503311258,0.8464
exact-index,gradient_boosting,29,4,2020,125,69,77,0.8701298701298701,0.9710144927536232,0.9178082191780821,0.767
exact-index,gradient_boosting,29,4,2050,125,80,79,0.9493670886075949,0.9375,0.9433962264150944,0.7977
exact-index,gradient_boosting,29,4,2100,125,80,82,0.9512195121951219,0.975,0.9629629629629629,0.7813
exact-index,independent_stl_nn,29,4,2020,125,69,79,0.8354430379746836,0.9565217391304348,0.8918918918918919,0.393
exact-index,independent_stl_nn,29,4,2050,125,80,82,0.926829268292683,0.95,0.9382716049382716,0.8606
exact-index,independent_stl_nn,29,4,2100,125,80,78,0.9358974358974359,0.9125,0.9240506329113924,0.6643
exact-index,random_forest,29,4,2020,125,69,74,0.8918918918918919,0.9565217391304348,0.9230769230769231,0.7298
exact-index,random_forest,29,4,2050,125,80,78,0.9358974358974359,0.9125,0.9240506329113924,0.7481
exact-index,random_forest,29,4,2100,125,80,84,0.9166666666666666,0.9625,0.9390243902439025,0.7598
exact-index,shared_mtl_nn,29,4,2020,125,69,81,0.8395061728395061,0.9855072463768116,0.9066666666666666,0.8045
exact-index,shared_mtl_nn,29,4,2050,125,80,82,0.926829268292683,0.95,0.9382716049382716,0.734
exact-index,shared_mtl_nn,29,4,2100,125,80,83,0.927710843373494,0.9625,0.9447852760736196,0.6966
exact-index,shared_mtl_nn_mgda,29,4,2020,125,69,76,0.881578947368421,0.9710144927536232,0.9241379310344827,0.8096
exact-index,shared_mtl_nn_mgda,29,4,2050,125,80,83,0.927710843373494,0.9625,0.9447852760736196,0.655
exact-index,shared_mtl_nn_mgda,29,4,2100,125,80,80,0.9375,0.9375,0.9375,0.6742
exact-index,gradient_boosting,29,5,2020,125,60,67,0.8955223880597015,1.0,0.9448818897637796,0.8289
exact-index,gradient_boosting,29,5,2050,125,71,72,0.9583333333333334,0.971830985915493,0.965034965034965,0.9158
exact-index,gradient_boosting,29,5,2100,125,69,70,0.9142857142857143,0.927536231884058,0.920863309352518,0.8711
exact-index,independent_stl_nn,29,5,2020,125,60,66,0.8484848484848485,0.9333333333333333,0.888888888888889,0.2978
exact-index,independent_stl_nn,29,5,2050,125,71,73,0.9315068493150684,0.9577464788732394,0.9444444444444444,0.7891
exact-index,independent_stl_nn,29,5,2100,125,69,68,0.9411764705882353,0.927536231884058,0.9343065693430658,0.852
exact-index,random_forest,29,5,2020,125,60,60,0.9833333333333333,0.9833333333333333,0.9833333333333333,0.6298
exact-index,random_forest,29,5,2050,125,71,76,0.9210526315789473,0.9859154929577465,0.9523809523809524,0.7466
exact-index,random_forest,29,5,2100,125,69,73,0.9041095890410958,0.9565217391304348,0.9295774647887325,0.7508
exact-index,shared_mtl_nn,29,5,2020,125,60,65,0.8769230769230769,0.95,0.912,0.7185
exact-index,shared_mtl_nn,29,5,2050,125,71,72,0.9305555555555556,0.9436619718309859,0.9370629370629372,0.845
exact-index,shared_mtl_nn,29,5,2100,125,69,66,0.9393939393939394,0.8985507246376812,0.9185185185185185,0.8212
exact-index,shared_mtl_nn_mgda,29,5,2020,125,60,64,0.890625,0.95,0.9193548387096774,0.5106
exact-index,shared_mtl_nn_mgda,29,5,2050,125,71,70,0.9428571428571428,0.9295774647887324,0.9361702127659575,0.7729
exact-index,shared_mtl_nn_mgda,29,5,2100,125,69,66,0.9393939393939394,0.8985507246376812,0.9185185185185185,0.9131
exact-index,gradient_boosting,43,1,2020,125,64,72,0.8888888888888888,1.0,0.9411764705882353,0.6981
exact-index,gradient_boosting,43,1,2050,125,72,81,0.8765432098765432,0.9861111111111112,0.9281045751633987,0.7821
exact-index,gradient_boosting,43,1,2100,125,76,76,0.9605263157894737,0.9605263157894737,0.9605263157894737,0.7252
exact-index,independent_stl_nn,43,1,2020,125,64,67,0.9253731343283582,0.96875,0.9465648854961832,0.6789
exact-index,independent_stl_nn,43,1,2050,125,72,77,0.935064935064935,1.0,0.9664429530201343,0.6538
exact-index,independent_stl_nn,43,1,2100,125,76,74,0.918918918918919,0.8947368421052632,0.9066666666666667,0.6224
exact-index,random_forest,43,1,2020,125,64,63,0.9365079365079365,0.921875,0.9291338582677166,0.458
exact-index,random_forest,43,1,2050,125,72,72,0.9583333333333334,0.9583333333333334,0.9583333333333334,0.5607
exact-index,random_forest,43,1,2100,125,76,71,0.9577464788732394,0.8947368421052632,0.9251700680272109,0.5311
exact-index,shared_mtl_nn,43,1,2020,125,64,69,0.8985507246376812,0.96875,0.9323308270676692,0.6965
exact-index,shared_mtl_nn,43,1,2050,125,72,76,0.9210526315789473,0.9722222222222222,0.9459459459459458,0.7717
exact-index,shared_mtl_nn,43,1,2100,125,76,76,0.9210526315789473,0.9210526315789473,0.9210526315789473,0.7255
exact-index,shared_mtl_nn_mgda,43,1,2020,125,64,78,0.8076923076923077,0.984375,0.8873239436619719,0.3409
exact-index,shared_mtl_nn_mgda,43,1,2050,125,72,76,0.9210526315789473,0.9722222222222222,0.9459459459459458,0.7224
exact-index,shared_mtl_nn_mgda,43,1,2100,125,76,76,0.9078947368421053,0.9078947368421053,0.9078947368421053,0.6758
exact-index,gradient_boosting,43,2,2020,125,69,81,0.8518518518518519,1.0,0.92,0.5918
exact-index,gradient_boosting,43,2,2050,125,83,88,0.9431818181818182,1.0,0.9707602339181286,0.8904
exact-index,gradient_boosting,43,2,2100,125,83,81,0.9753086419753086,0.9518072289156626,0.9634146341463414,0.6783
exact-index,independent_stl_nn,43,2,2020,125,69,76,0.8947368421052632,0.9855072463768116,0.9379310344827586,0.6315
exact-index,independent_stl_nn,43,2,2050,125,83,82,0.9512195121951219,0.9397590361445783,0.9454545454545454,0.6923
exact-index,independent_stl_nn,43,2,2100,125,83,85,0.9411764705882353,0.963855421686747,0.9523809523809523,0.7784
exact-index,random_forest,43,2,2020,125,69,72,0.9027777777777778,0.9420289855072463,0.9219858156028369,0.5376
exact-index,random_forest,43,2,2050,125,83,89,0.898876404494382,0.963855421686747,0.9302325581395349,0.7882
exact-index,random_forest,43,2,2100,125,83,86,0.9069767441860465,0.9397590361445783,0.923076923076923,0.8179
exact-index,shared_mtl_nn,43,2,2020,125,69,75,0.92,1.0,0.9583333333333334,0.6666
exact-index,shared_mtl_nn,43,2,2050,125,83,86,0.9534883720930233,0.9879518072289156,0.9704142011834319,0.8955
exact-index,shared_mtl_nn,43,2,2100,125,83,81,0.9629629629629629,0.9397590361445783,0.9512195121951219,0.5791
exact-index,shared_mtl_nn_mgda,43,2,2020,125,69,78,0.8717948717948718,0.9855072463768116,0.9251700680272109,0.642
exact-index,shared_mtl_nn_mgda,43,2,2050,125,83,84,0.9404761904761905,0.9518072289156626,0.9461077844311376,0.6953
exact-index,shared_mtl_nn_mgda,43,2,2100,125,83,79,0.9746835443037974,0.927710843373494,0.9506172839506173,0.6833
exact-index,gradient_boosting,43,3,2020,125,75,79,0.9367088607594937,0.9866666666666667,0.961038961038961,0.7712
exact-index,gradient_boosting,43,3,2050,125,83,85,0.9647058823529412,0.9879518072289156,0.9761904761904762,0.7596
exact-index,gradient_boosting,43,3,2100,125,87,90,0.9333333333333333,0.9655172413793104,0.9491525423728815,0.8532
exact-index,independent_stl_nn,43,3,2020,125,75,83,0.9036144578313253,1.0,0.9493670886075949,0.6659
exact-index,independent_stl_nn,43,3,2050,125,83,85,0.9647058823529412,0.9879518072289156,0.9761904761904762,0.727
exact-index,independent_stl_nn,43,3,2100,125,87,92,0.9347826086956522,0.9885057471264368,0.9608938547486033,0.6117
exact-index,random_forest,43,3,2020,125,75,79,0.9493670886075949,1.0,0.974025974025974,0.6498
exact-index,random_forest,43,3,2050,125,83,84,0.9285714285714286,0.9397590361445783,0.9341317365269461,0.7372
exact-index,random_forest,43,3,2100,125,87,87,0.9540229885057471,0.9540229885057471,0.9540229885057472,0.7488
exact-index,shared_mtl_nn,43,3,2020,125,75,85,0.8823529411764706,1.0,0.9375,0.6408
exact-index,shared_mtl_nn,43,3,2050,125,83,83,0.9759036144578314,0.9759036144578314,0.9759036144578314,0.8355
exact-index,shared_mtl_nn,43,3,2100,125,87,84,0.9880952380952381,0.9540229885057471,0.9707602339181286,0.8508
exact-index,shared_mtl_nn_mgda,43,3,2020,125,75,80,0.925,0.9866666666666667,0.9548387096774195,0.8597
exact-index,shared_mtl_nn_mgda,43,3,2050,125,83,87,0.9540229885057471,1.0,0.976470588235294,0.768
exact-index,shared_mtl_nn_mgda,43,3,2100,125,87,84,0.9880952380952381,0.9540229885057471,0.9707602339181286,0.7103
exact-index,gradient_boosting,43,4,2020,125,65,74,0.8648648648648649,0.9846153846153847,0.920863309352518,0.7648
exact-index,gradient_boosting,43,4,2050,125,71,77,0.922077922077922,1.0,0.9594594594594594,0.7871
exact-index,gradient_boosting,43,4,2100,125,78,80,0.925,0.9487179487179487,0.9367088607594937,0.7948
exact-index,independent_stl_nn,43,4,2020,125,65,78,0.8333333333333334,1.0,0.9090909090909091,0.7961
exact-index,independent_stl_nn,43,4,2050,125,71,80,0.875,0.9859154929577465,0.9271523178807948,0.83
exact-index,independent_stl_nn,43,4,2100,125,78,79,0.9113924050632911,0.9230769230769231,0.9171974522292994,0.8408
exact-index,random_forest,43,4,2020,125,65,71,0.8873239436619719,0.9692307692307692,0.9264705882352942,0.7558
exact-index,random_forest,43,4,2050,125,71,79,0.8860759493670886,0.9859154929577465,0.9333333333333333,0.8567
exact-index,random_forest,43,4,2100,125,78,81,0.9135802469135802,0.9487179487179487,0.9308176100628931,0.8089
exact-index,shared_mtl_nn,43,4,2020,125,65,73,0.8904109589041096,1.0,0.9420289855072463,0.8329
exact-index,shared_mtl_nn,43,4,2050,125,71,78,0.9102564102564102,1.0,0.953020134228188,0.8011
exact-index,shared_mtl_nn,43,4,2100,125,78,78,0.9487179487179487,0.9487179487179487,0.9487179487179487,0.789
exact-index,shared_mtl_nn_mgda,43,4,2020,125,65,79,0.8227848101265823,1.0,0.9027777777777779,0.5012
exact-index,shared_mtl_nn_mgda,43,4,2050,125,71,78,0.9102564102564102,1.0,0.953020134228188,0.8818
exact-index,shared_mtl_nn_mgda,43,4,2100,125,78,78,0.9358974358974359,0.9358974358974359,0.9358974358974359,0.8237
exact-index,gradient_boosting,43,5,2020,125,66,76,0.8421052631578947,0.9696969696969697,0.9014084507042254,0.8019
exact-index,gradient_boosting,43,5,2050,125,79,79,0.9620253164556962,0.9620253164556962,0.9620253164556962,0.8503
exact-index,gradient_boosting,43,5,2100,125,81,80,0.95,0.9382716049382716,0.9440993788819876,0.8409
exact-index,independent_stl_nn,43,5,2020,125,66,74,0.8648648648648649,0.9696969696969697,0.9142857142857143,0.6143
exact-index,independent_stl_nn,43,5,2050,125,79,82,0.926829268292683,0.9620253164556962,0.9440993788819876,0.8258
exact-index,independent_stl_nn,43,5,2100,125,81,82,0.9390243902439024,0.9506172839506173,0.9447852760736196,0.7809
exact-index,random_forest,43,5,2020,125,66,67,0.9552238805970149,0.9696969696969697,0.9624060150375939,0.6543
exact-index,random_forest,43,5,2050,125,79,81,0.9259259259259259,0.9493670886075949,0.9375000000000001,0.8726
exact-index,random_forest,43,5,2100,125,81,79,0.9240506329113924,0.9012345679012346,0.9125,0.6952
exact-index,shared_mtl_nn,43,5,2020,125,66,69,0.9420289855072463,0.9848484848484849,0.962962962962963,0.6769
exact-index,shared_mtl_nn,43,5,2050,125,79,77,0.987012987012987,0.9620253164556962,0.9743589743589742,0.7388
exact-index,shared_mtl_nn,43,5,2100,125,81,80,0.95,0.9382716049382716,0.9440993788819876,0.835
exact-index,shared_mtl_nn_mgda,43,5,2020,125,66,69,0.9420289855072463,0.9848484848484849,0.962962962962963,0.7296
exact-index,shared_mtl_nn_mgda,43,5,2050,125,79,78,0.9743589743589743,0.9620253164556962,0.9681528662420382,0.7249
exact-index,shared_mtl_nn_mgda,43,5,2100,125,81,80,0.95,0.9382716049382716,0.9440993788819876,0.8195
