scope,profile,n,front_margin_below_004,fraction_front_margin_below_004,median_front_margin,median_all_candidate_margin,changed_runner_up_count,strictly_lower_all_candidate_margin_count
full625,all_profiles,15,12,0.8,0.0017053137674961916,0.0017053137674961916,0,0
full625,balanced,3,3,1.0,0.0010164996616471023,0.0010164996616471023,0,0
full625,carbon_priority,3,3,1.0,0.0017918521038795404,0.0017918521038795404,0,0
full625,cost_priority,3,0,0.0,0.04331466839253478,0.04331466839253478,0,0
full625,days_below_24_priority,3,3,1.0,0.0018518113472129893,0.0018518113472129893,0,0
full625,energy_priority,3,3,1.0,0.001046113590733977,0.001046113590733977,0,0
within125,all_profiles,225,85,0.37777777777777777,0.006629970943381414,0.0064757431652215924,1,1
within125,balanced,45,8,0.17777777777777778,0.006629970943381414,0.006629970943381414,0,0
within125,carbon_priority,45,9,0.2,0.01913102839538547,0.01913102839538547,0,0
within125,cost_priority,45,6,0.13333333333333333,0.0208665684279747,0.0208665684279747,0,0
within125,days_below_24_priority,45,23,0.5111111111111111,0.0036974107996889938,0.0036974107996889938,0,0
within125,energy_priority,45,39,0.8666666666666667,0.0019113185517147246,0.0019113185517147246,1,1
