scope,design,model,population,n,median_regret,p95_regret,max_regret,count_regret_above_005,fraction_regret_above_005
full625,all-predicted,all_models,all_profile_comparisons,225,0.0077866859496438,0.06963496497514104,0.4722623458288261,26,0.11555555555555555
full625,all-predicted,all_models,mismatches,180,0.0163751590510369,0.09387555717046162,0.4722623458288261,26,0.14444444444444443
full625,all-predicted,gradient_boosting,all_profile_comparisons,45,0.0012659126345005,0.0314948126872949,0.1125979250749179,2,0.044444444444444446
full625,all-predicted,gradient_boosting,mismatches,28,0.0040581744678644,0.08421183573924974,0.1125979250749179,2,0.07142857142857142
full625,all-predicted,independent_stl_nn,all_profile_comparisons,45,0.0082675506358979,0.08734164022824051,0.1137710961384465,6,0.13333333333333333
full625,all-predicted,independent_stl_nn,mismatches,36,0.02160312084216085,0.0948002304113441,0.1137710961384465,6,0.16666666666666666
full625,all-predicted,random_forest,all_profile_comparisons,45,0.006869062491904,0.04807689275501162,0.0654094834550472,2,0.044444444444444446
full625,all-predicted,random_forest,mismatches,37,0.0163751590510369,0.048664861739756315,0.0654094834550472,2,0.05405405405405406
full625,all-predicted,shared_mtl_nn,all_profile_comparisons,45,0.0209996176445964,0.10941964045817529,0.4722623458288261,8,0.17777777777777778
full625,all-predicted,shared_mtl_nn,mismatches,37,0.0349387643153223,0.12731157749531594,0.4722623458288261,8,0.21621621621621623
full625,all-predicted,shared_mtl_nn_mgda,all_profile_comparisons,45,0.014114459040506,0.06865130598544468,0.1210124627361356,8,0.17777777777777778
full625,all-predicted,shared_mtl_nn_mgda,mismatches,42,0.019071651106377298,0.06872282195718554,0.1210124627361356,8,0.19047619047619047
full625,exact-index,all_models,all_profile_comparisons,225,0.0010164996616471,0.04003271173779077,0.1174347900892661,8,0.035555555555555556
full625,exact-index,all_models,mismatches,133,0.0047447644889556,0.07667660519990563,0.1174347900892661,8,0.06015037593984962
full625,exact-index,gradient_boosting,all_profile_comparisons,45,0.0004065998646588,0.0314948126872949,0.1125979250749179,2,0.044444444444444446
full625,exact-index,gradient_boosting,mismatches,26,0.0045837901372264,0.09232214697801215,0.1125979250749179,2,0.07692307692307693
full625,exact-index,independent_stl_nn,all_profile_comparisons,45,0.0012659126345005,0.0508082872292424,0.1174347900892661,3,0.06666666666666667
full625,exact-index,independent_stl_nn,mismatches,26,0.00454941026141245,0.0991755462840273,0.1174347900892661,3,0.11538461538461539
full625,exact-index,random_forest,all_profile_comparisons,45,0.0001825773782664,0.03721702365730984,0.1125979250749179,1,0.022222222222222223
full625,exact-index,random_forest,mismatches,25,0.0061538443199226,0.0400327117377908,0.1125979250749179,1,0.04
full625,exact-index,shared_mtl_nn,all_profile_comparisons,45,0.0015844978418474,0.032306197808483886,0.1137710961384465,2,0.044444444444444446
full625,exact-index,shared_mtl_nn,mismatches,27,0.0050148091355327,0.08699792984806191,0.1137710961384465,2,0.07407407407407407
full625,exact-index,shared_mtl_nn_mgda,all_profile_comparisons,45,0.0012659126345005,0.0396144638696047,0.0482929641919021,0,0.0
full625,exact-index,shared_mtl_nn_mgda,mismatches,29,0.0050148091355327,0.042208366545511536,0.0482929641919021,0,0.0
within125,all-predicted,all_models,all_profile_comparisons,1125,0.0007732609756627365,0.05422136929689668,0.4718986621368763,72,0.064
within125,all-predicted,all_models,mismatches,592,0.011055790675324716,0.0746585488471716,0.4718986621368763,72,0.12162162162162163
within125,all-predicted,gradient_boosting,all_profile_comparisons,225,0.0,0.020725965240800125,0.11093532275044123,3,0.013333333333333334
within125,all-predicted,gradient_boosting,mismatches,78,0.005314508904090376,0.0334631504914403,0.11093532275044123,3,0.038461538461538464
within125,all-predicted,independent_stl_nn,all_profile_comparisons,225,0.0015791656195890203,0.05907747161560607,0.1158349340043395,18,0.08
within125,all-predicted,independent_stl_nn,mismatches,130,0.011557469596379606,0.07091979186805114,0.1158349340043395,18,0.13846153846153847
within125,all-predicted,random_forest,all_profile_comparisons,225,0.0,0.038563273147641616,0.07055234538842876,5,0.022222222222222223
within125,all-predicted,random_forest,mismatches,102,0.008318024926432192,0.049848703952503064,0.07055234538842876,5,0.049019607843137254
within125,all-predicted,shared_mtl_nn,all_profile_comparisons,225,0.004110055297035786,0.0912450508560849,0.4718986621368763,26,0.11555555555555555
within125,all-predicted,shared_mtl_nn,mismatches,137,0.01585065292258718,0.12037655204879534,0.4718986621368763,26,0.1897810218978102
within125,all-predicted,shared_mtl_nn_mgda,all_profile_comparisons,225,0.004048188666269312,0.05959571083193346,0.444064413291913,20,0.08888888888888889
within125,all-predicted,shared_mtl_nn_mgda,mismatches,145,0.012195555935440219,0.10836132371892321,0.444064413291913,20,0.13793103448275862
within125,exact-index,all_models,all_profile_comparisons,1125,0.0,0.02086656842797468,0.444064413291913,20,0.017777777777777778
within125,exact-index,all_models,mismatches,371,0.004157046825225413,0.05629728615061497,0.444064413291913,20,0.05390835579514825
within125,exact-index,gradient_boosting,all_profile_comparisons,225,0.0,0.015447888736873493,0.11093532275044123,2,0.008888888888888889
within125,exact-index,gradient_boosting,mismatches,65,0.0038747861315080487,0.0342030910701545,0.11093532275044123,2,0.03076923076923077
within125,exact-index,independent_stl_nn,all_profile_comparisons,225,0.0,0.03253249519612236,0.1158349340043395,8,0.035555555555555556
within125,exact-index,independent_stl_nn,mismatches,82,0.004498912971418942,0.09444234797239802,0.1158349340043395,8,0.0975609756097561
within125,exact-index,random_forest,all_profile_comparisons,225,0.0,0.02947740203723531,0.0782429984381036,1,0.0044444444444444444
within125,exact-index,random_forest,mismatches,69,0.00450794537319793,0.040111786563488794,0.0782429984381036,1,0.014492753623188406
within125,exact-index,shared_mtl_nn,all_profile_comparisons,225,0.0,0.018658007329995188,0.12150528975477122,6,0.02666666666666667
within125,exact-index,shared_mtl_nn,mismatches,77,0.0033141241927501348,0.08037027262732255,0.12150528975477122,6,0.07792207792207792
within125,exact-index,shared_mtl_nn_mgda,all_profile_comparisons,225,0.0,0.018056189399539842,0.444064413291913,3,0.013333333333333334
within125,exact-index,shared_mtl_nn_mgda,mismatches,78,0.003913477215374091,0.04294249875128278,0.444064413291913,3,0.038461538461538464
