design,model,group_count,profile_count,profile_matches,profile_agreement,f1_mean,f1_sd,weight_agreement_mean,weight_agreement_sd,mismatches,mismatch_subset_nondominated_fraction,mismatch_fullgrid_nondominated_fraction,mismatch_median_regret,all_profile_median_regret,max_regret
all-predicted,gradient_boosting,45,225,147,0.6533333333333333,0.9183911463821847,0.023045942863705333,0.7212155555555556,0.11301506527803265,78,1.0,0.8205128205128205,0.005314508904090376,0.0,0.11093532275044123
all-predicted,independent_stl_nn,45,225,95,0.4222222222222222,0.8652858623122776,0.029972916083669986,0.42068444444444447,0.12605450652857125,130,1.0,0.7615384615384615,0.011557469596379606,0.0015791656195890203,0.1158349340043395
all-predicted,random_forest,45,225,123,0.5466666666666666,0.8823246926848717,0.022966420211279277,0.521631111111111,0.12519898674840899,102,1.0,0.8725490196078431,0.008318024926432192,0.0,0.07055234538842876
all-predicted,shared_mtl_nn,45,225,88,0.39111111111111113,0.8602391955198864,0.027871186460894256,0.3992177777777777,0.1495189761275211,137,0.9562043795620438,0.7372262773722628,0.01585065292258718,0.004110055297035786,0.4718986621368763
all-predicted,shared_mtl_nn_mgda,45,225,80,0.35555555555555557,0.8541898154854609,0.028466311751425024,0.3808022222222222,0.145870809106877,145,0.9517241379310345,0.7448275862068966,0.012195555935440219,0.004048188666269312,0.444064413291913
exact-index,gradient_boosting,45,225,160,0.7111111111111111,0.9393398801399261,0.024758163066693747,0.7770844444444444,0.09635756788591587,65,1.0,0.8615384615384616,0.0038747861315080487,0.0,0.11093532275044123
exact-index,independent_stl_nn,45,225,143,0.6355555555555555,0.9394169134984641,0.02423363987418817,0.7250244444444445,0.15155061734008746,82,1.0,0.7439024390243902,0.004498912971418942,0.0,0.1158349340043395
exact-index,random_forest,45,225,156,0.6933333333333334,0.933752421921064,0.021944412365339807,0.7076822222222222,0.11873021421557686,69,1.0,0.8695652173913043,0.00450794537319793,0.0,0.0782429984381036
exact-index,shared_mtl_nn,45,225,148,0.6577777777777778,0.9415367518791765,0.023062865791556,0.7537955555555556,0.09340206576349844,77,0.987012987012987,0.7662337662337663,0.0033141241927501348,0.0,0.12150528975477122
exact-index,shared_mtl_nn_mgda,45,225,147,0.6533333333333333,0.9412001236314249,0.021342379758459023,0.7369199999999998,0.1243381671820114,78,0.9743589743589743,0.7948717948717948,0.003913477215374091,0.0,0.444064413291913
